-0.8970426115431919,0.34236640198615925,0.083992662766987,172.31287369068758,-2023.9487462297075,-16.597896156777082,0.0,0.0,0.0,0.0,0.0,0.0,0.0,0.0,0.0,0.0,0.0,0.0,0.0,0.0,0.0,0.0,0.0,0.0
-0.08162064263806347,0.021327244370076378,0.083992662766987,-1890.853296208067,-176.7880992745424,31.431301132340085,0.0,0.0,0.0,0.0,0.0,0.0,0.0,0.0,0.0,0.0,0.0,0.0,0.0,0.0,0.0,0.0,0.0,0.0
-0.4253298340537753,0.4717306684909498,0.0490829510179302,380.278062914602,-2580.1317424358217,-199.98856517602584,0.0,0.0,0.0,0.0,0.0,0.0,0.0,0.0,0.0,0.0,0.0,0.0,0.0,0.0,0.0,0.0,0.0,0.0
-0.06508712491872795,-0.03531645785221367,0.04908295101793022,-1561.1714756823944,-73.3933845483831,1074.1412494622818,0.0,0.0,0.0,0.0,0.0,0.0,0.0,0.0,0.0,0.0,0.0,0.0,0.0,0.0,0.0,0.0,0.0,0.0
-0.4215938341780201,0.34139140716219457,0.04487567855046223,460.8235634492305,-2249.159926025722,-414.55423980309456,0.0,0.0,0.0,0.0,0.0,0.0,0.0,0.0,0.0,0.0,0.0,0.0,0.0,0.0,0.0,0.0,0.0,0.0
-0.07811049300397026,-0.08339910934473076,0.04487567855046224,-1754.012704755715,-42.75358329391934,696.7145976134442,0.0,0.0,0.0,0.0,0.0,0.0,0.0,0.0,0.0,0.0,0.0,0.0,0.0,0.0,0.0,0.0,0.0,0.0
-0.4247297584724258,0.4986176908863141,0.0498381546188332,492.0726102704308,-2654.812412324635,-312.82258130076735,0.0,0.0,0.0,0.0,0.0,0.0,0.0,0.0,0.0,0.0,0.0,0.0,0.0,0.0,0.0,0.0,0.0,0.0
-0.07695286851607143,-0.0657092528396139,0.04983815461883323,-1568.2834083347318,-5.050937777088437,1148.340432405783,0.0,0.0,0.0,0.0,0.0,0.0,0.0,0.0,0.0,0.0,0.0,0.0,0.0,0.0,0.0,0.0,0.0,0.0
-0.4357241637887723,0.4398420924836737,0.04898329614704281,-521.0984803431103,-2508.8967633039633,925.8688361795532,0.0,0.0,0.0,0.0,0.0,0.0,0.0,0.0,0.0,0.0,0.0,0.0,0.0,0.0,0.0,0.0,0.0,0.0
0.04158950540583753,0.25748380379804003,0.04898329614704281,-1934.175690071533,-647.5472758864364,955.1789065680651,0.0,0.0,0.0,0.0,0.0,0.0,0.0,0.0,0.0,0.0,0.0,0.0,0.0,0.0,0.0,0.0,0.0,0.0
-1.8030977985456569,0.06529923712834913,0.15019103192341787,232.49490932426858,-2267.6440381991524,-1211.0658593847043,0.0,0.0,0.0,0.0,0.0,0.0,0.0,0.0,0.0,0.0,0.0,0.0,0.0,0.0,0.0,0.0,0.0,0.0
-0.49254115015186234,-0.9141164881917266,0.1501910319234179,-2769.313416289161,-628.75793177296,-654.5801249111147,0.0,0.0,0.0,0.0,0.0,0.0,0.0,0.0,0.0,0.0,0.0,0.0,0.0,0.0,0.0,0.0,0.0,0.0
-0.43018431058650086,0.30522153821477277,0.0444996158381031,296.2600971836118,-2170.252957200073,-196.37025396793686,0.0,0.0,0.0,0.0,0.0,0.0,0.0,0.0,0.0,0.0,0.0,0.0,0.0,0.0,0.0,0.0,0.0,0.0
-0.05869825742722017,-0.031163964249609107,0.04449961583810311,-1733.5670672850245,-125.16842378849486,555.6976527886906,0.0,0.0,0.0,0.0,0.0,0.0,0.0,0.0,0.0,0.0,0.0,0.0,0.0,0.0,0.0,0.0,0.0,0.0
-1.0021319497667949,0.3454808262423041,0.09272550745032615,397.58687724300825,-2025.1239176300292,-708.9519617197687,0.0,0.0,0.0,0.0,0.0,0.0,0.0,0.0,0.0,0.0,0.0,0.0,0.0,0.0,0.0,0.0,0.0,0.0
-0.2141369473987921,-0.3172251809585048,0.09272550745032616,-2143.925599535671,-210.6160262183649,-34.56337677526776,0.0,0.0,0.0,0.0,0.0,0.0,0.0,0.0,0.0,0.0,0.0,0.0,0.0,0.0,0.0,0.0,0.0,0.0
-0.43197432222148036,0.5131568171290217,0.05086880057084819,-635.3460352717173,-2736.669626674877,974.8030463159536,0.0,0.0,0.0,0.0,0.0,0.0,0.0,0.0,0.0,0.0,0.0,0.0,0.0,0.0,0.0,0.0,0.0,0.0
0.047999500317196034,0.28060796620666567,0.05086880057084819,-1895.5272525020048,-774.295113758095,1163.9981162773386,0.0,0.0,0.0,0.0,0.0,0.0,0.0,0.0,0.0,0.0,0.0,0.0,0.0,0.0,0.0,0.0,0.0,0.0
-0.6895468795276958,0.34791733122152596,0.06710002977700368,392.5641311513506,-2046.717728085231,-494.448584652439,0.0,0.0,0.0,0.0,0.0,0.0,0.0,0.0,0.0,0.0,0.0,0.0,0.0,0.0,0.0,0.0,0.0,0.0
-0.1271512463400989,-0.1531578158618563,0.06710002977700369,-1936.7170480641046,-129.23955553127672,240.34259386172886,0.0,0.0,0.0,0.0,0.0,0.0,0.0,0.0,0.0,0.0,0.0,0.0,0.0,0.0,0.0,0.0,0.0,0.0
-0.8662249158591389,0.2823152812042523,0.0796621616590728,-260.9104315833908,-2021.7416745316154,1377.5857562214715,0.0,0.0,0.0,0.0,0.0,0.0,0.0,0.0,0.0,0.0,0.0,0.0,0.0,0.0,0.0,0.0,0.0,0.0
0.13715886563945895,0.6097574650077242,0.07966216165907278,-2803.427050387794,-211.95112604323936,-68.83928472367847,0.0,0.0,0.0,0.0,0.0,0.0,0.0,0.0,0.0,0.0,0.0,0.0,0.0,0.0,0.0,0.0,0.0,0.0
-0.41429248253710454,0.5845551949137242,0.0515515786477194,800.2419558437889,-2950.6490952876234,-562.1285009837798,0.0,0.0,0.0,0.0,0.0,0.0,0.0,0.0,0.0,0.0,0.0,0.0,0.0,0.0,0.0,0.0,0.0,0.0
-0.10442834182504623,-0.13618777862984777,0.05155157864771943,-1600.066510091684,195.30891369251742,1399.7501862793974,0.0,0.0,0.0,0.0,0.0,0.0,0.0,0.0,0.0,0.0,0.0,0.0,0.0,0.0,0.0,0.0,0.0,0.0
-0.521737802802573,0.31482956867940987,0.0523139528711574,368.98382945059086,-2094.5223232727108,-373.7566117028644,0.0,0.0,0.0,0.0,0.0,0.0,0.0,0.0,0.0,0.0,0.0,0.0,0.0,0.0,0.0,0.0,0.0,0.0
-0.08693416727595642,-0.08589389597516676,0.05231395287115742,-1835.9450310437262,-110.20241485828065,397.27932181267107,0.0,0.0,0.0,0.0,0.0,0.0,0.0,0.0,0.0,0.0,0.0,0.0,0.0,0.0,0.0,0.0,0.0,0.0
-0.42721201827637795,0.34623515873291694,0.045482502260640725,463.87795769217894,-2249.659865490347,-418.8064541569508,0.0,0.0,0.0,0.0,0.0,0.0,0.0,0.0,0.0,0.0,0.0,0.0,0.0,0.0,0.0,0.0,0.0,0.0
-0.0795403737313289,-0.0855534405217188,0.04548250226064074,-1755.459118428755,-41.25923586410091,697.6562841893998,0.0,0.0,0.0,0.0,0.0,0.0,0.0,0.0,0.0,0.0,0.0,0.0,0.0,0.0,0.0,0.0,0.0,0.0
-0.4158501184998532,0.5659632677407074,0.05112331161562827,877.9141020419703,-2877.8395005422276,-662.1458185186439,0.0,0.0,0.0,0.0,0.0,0.0,0.0,0.0,0.0,0.0,0.0,0.0,0.0,0.0,0.0,0.0,0.0,0.0
-0.11343936115235904,-0.16219751979078173,0.051123311615628296,-1678.1043963679087,242.2787913955795,1349.1329532981395,0.0,0.0,0.0,0.0,0.0,0.0,0.0,0.0,0.0,0.0,0.0,0.0,0.0,0.0,0.0,0.0,0.0,0.0
-0.4235686627854844,0.5605279426571051,0.05159523145478758,-199.4132033139129,-2891.2594800884413,459.8879030799106,0.0,0.0,0.0,0.0,0.0,0.0,0.0,0.0,0.0,0.0,0.0,0.0,0.0,0.0,0.0,0.0,0.0,0.0
-0.002641915640614089,0.14359576118824974,0.05159523145478759,-1526.5136042162535,-481.6231413445012,1310.210225414598,0.0,0.0,0.0,0.0,0.0,0.0,0.0,0.0,0.0,0.0,0.0,0.0,0.0,0.0,0.0,0.0,0.0,0.0
-0.4320187630274465,0.2951861810227081,0.044350143828880355,112.62277137860609,-2157.2594894552867,111.16250766389113,0.0,0.0,0.0,0.0,0.0,0.0,0.0,0.0,0.0,0.0,0.0,0.0,0.0,0.0,0.0,0.0,0.0,0.0
-0.032150767143433914,0.041337638930017934,0.04435014382888036,-1727.8618827316832,-205.77169365498037,517.423774059654,0.0,0.0,0.0,0.0,0.0,0.0,0.0,0.0,0.0,0.0,0.0,0.0,0.0,0.0,0.0,0.0,0.0,0.0
-0.428799075004231,0.3393802859395881,0.04540786051301589,396.36282152336815,-2235.312931942355,-325.11731985861735,0.0,0.0,0.0,0.0,0.0,0.0,0.0,0.0,0.0,0.0,0.0,0.0,0.0,0.0,0.0,0.0,0.0,0.0
-0.07119082316350216,-0.06283147674416173,0.0454078605130159,-1729.281421401729,-74.48429390301908,671.5734097727965,0.0,0.0,0.0,0.0,0.0,0.0,0.0,0.0,0.0,0.0,0.0,0.0,0.0,0.0,0.0,0.0,0.0,0.0
-0.7734572683030766,0.28638557236363293,0.07215730078720545,-304.59662715229865,-2024.2019425690708,1356.4651003387632,0.0,0.0,0.0,0.0,0.0,0.0,0.0,0.0,0.0,0.0,0.0,0.0,0.0,0.0,0.0,0.0,0.0,0.0
0.121292985499571,0.544223572343831,0.07215730078720542,-2744.9920444904783,-263.4526389859835,11.227935860234254,0.0,0.0,0.0,0.0,0.0,0.0,0.0,0.0,0.0,0.0,0.0,0.0,0.0,0.0,0.0,0.0,0.0,0.0
-0.4283128674718534,0.31228096028064567,0.04455699818809926,458.7352296493606,-2179.2643377085383,-455.9457675966802,0.0,0.0,0.0,0.0,0.0,0.0,0.0,0.0,0.0,0.0,0.0,0.0,0.0,0.0,0.0,0.0,0.0,0.0
-0.08111889005357241,-0.09259637135298901,0.04455699818809927,-1808.2978262538352,-55.38732383430353,583.8818160801999,0.0,0.0,0.0,0.0,0.0,0.0,0.0,0.0,0.0,0.0,0.0,0.0,0.0,0.0,0.0,0.0,0.0,0.0
-1.2210816690485886,0.18753234216283254,0.10599962626889538,-77.88608190705189,-2075.4366165049155,1605.5549034792361,0.0,0.0,0.0,0.0,0.0,0.0,0.0,0.0,0.0,0.0,0.0,0.0,0.0,0.0,0.0,0.0,0.0,0.0
0.22919085436477896,0.939618870813382,0.1059996262688953,-3253.475792805838,29.84121039119377,-403.1867229606901,0.0,0.0,0.0,0.0,0.0,0.0,0.0,0.0,0.0,0.0,0.0,0.0,0.0,0.0,0.0,0.0,0.0,0.0
-0.42522020788303827,0.40338923015496064,0.04702896536532105,671.1330584704821,-2378.8979055141544,-633.7133586160555,0.0,0.0,0.0,0.0,0.0,0.0,0.0,0.0,0.0,0.0,0.0,0.0,0.0,0.0,0.0,0.0,0.0,0.0
-0.10177094123250525,-0.14210986712270834,0.04702896536532108,-1808.216987351905,79.06957927393019,879.4508963993906,0.0,0.0,0.0,0.0,0.0,0.0,0.0,0.0,0.0,0.0,0.0,0.0,0.0,0.0,0.0,0.0,0.0,0.0
-0.429589943979106,0.45283511254922076,0.0488677755466645,-18.759828461743638,-2535.197793194438,280.22681197233914,0.0,0.0,0.0,0.0,0.0,0.0,0.0,0.0,0.0,0.0,0.0,0.0,0.0,0.0,0.0,0.0,0.0,0.0
-0.01946422253815399,0.08940230525870206,0.04886777554666451,-1581.0521617335228,-319.1105168579672,1009.2682354299671,0.0,0.0,0.0,0.0,0.0,0.0,0.0,0.0,0.0,0.0,0.0,0.0,0.0,0.0,0.0,0.0,0.0,0.0
-1.293661558976667,0.30653001549916853,0.11552735067366242,481.56320928755076,-2064.5850710400487,-1343.3091787950818,0.0,0.0,0.0,0.0,0.0,0.0,0.0,0.0,0.0,0.0,0.0,0.0,0.0,0.0,0.0,0.0,0.0,0.0
-0.40838003596494293,-0.7842355511309091,0.11552735067366247,-2801.190622201825,-410.34929405245856,-236.6218640780664,0.0,0.0,0.0,0.0,0.0,0.0,0.0,0.0,0.0,0.0,0.0,0.0,0.0,0.0,0.0,0.0,0.0,0.0
-0.864456353224963,0.2963149532092583,0.0799356743680371,-165.86012723463978,-2022.524112449373,1024.123378621735,0.0,0.0,0.0,0.0,0.0,0.0,0.0,0.0,0.0,0.0,0.0,0.0,0.0,0.0,0.0,0.0,0.0,0.0
0.08304351974384135,0.46187647177550883,0.07993567436803707,-2399.4394944785513,-202.88420442636132,-38.12910533645381,0.0,0.0,0.0,0.0,0.0,0.0,0.0,0.0,0.0,0.0,0.0,0.0,0.0,0.0,0.0,0.0,0.0,0.0
-0.7135704652831727,0.3154529239478918,0.06810363892302276,-48.53184272629737,-2035.6888491984012,532.7434773629699,0.0,0.0,0.0,0.0,0.0,0.0,0.0,0.0,0.0,0.0,0.0,0.0,0.0,0.0,0.0,0.0,0.0,0.0
0.006098672252268039,0.21587768345201303,0.06810363892302276,-1982.7685118373481,-224.78131073272107,136.14190974587459,0.0,0.0,0.0,0.0,0.0,0.0,0.0,0.0,0.0,0.0,0.0,0.0,0.0,0.0,0.0,0.0,0.0,0.0
-0.42351563260716435,0.47439310288508113,0.049013468788287946,761.9662043518647,-2572.5979558328345,-650.0642448182153,0.0,0.0,0.0,0.0,0.0,0.0,0.0,0.0,0.0,0.0,0.0,0.0,0.0,0.0,0.0,0.0,0.0,0.0
-0.10761372185847817,-0.15236047511918668,0.049013468788287974,-1752.943264815328,151.37339205361602,1086.94165749394,0.0,0.0,0.0,0.0,0.0,0.0,0.0,0.0,0.0,0.0,0.0,0.0,0.0,0.0,0.0,0.0,0.0,0.0
-0.40823281260991046,0.6458814055162336,0.05288845548958794,326.73884372655937,-3219.5674742071265,-58.07647757795728,0.0,0.0,0.0,0.0,0.0,0.0,0.0,0.0,0.0,0.0,0.0,0.0,0.0,0.0,0.0,0.0,0.0,0.0
-0.055633071406846986,0.0017848914130682274,0.05288845548958797,-1371.6842690280591,-132.623436609935,1564.2015980720657,0.0,0.0,0.0,0.0,0.0,0.0,0.0,0.0,0.0,0.0,0.0,0.0,0.0,0.0,0.0,0.0,0.0,0.0
-1.0050029543598809,0.36163162665817095,0.09344481832359645,536.4715566787239,-2023.8608039297235,-1093.0461980106343,0.0,0.0,0.0,0.0,0.0,0.0,0.0,0.0,0.0,0.0,0.0,0.0,0.0,0.0,0.0,0.0,0.0,0.0
-0.2851394941730335,-0.510199950648151,0.0934448183235965,-2454.280468548394,-232.26633047404158,-7.405039787917833,0.0,0.0,0.0,0.0,0.0,0.0,0.0,0.0,0.0,0.0,0.0,0.0,0.0,0.0,0.0,0.0,0.0,0.0
-0.6848127652893243,0.35556354212481833,0.0669396233310708,528.1739193049699,-2048.9457033545923,-774.0784262431964,0.0,0.0,0.0,0.0,0.0,0.0,0.0,0.0,0.0,0.0,0.0,0.0,0.0,0.0,0.0,0.0,0.0,0.0
-0.1630104420002446,-0.2521491432903449,0.06693962333107083,-2095.488117293694,-102.44041999243201,264.20271889098865,0.0,0.0,0.0,0.0,0.0,0.0,0.0,0.0,0.0,0.0,0.0,0.0,0.0,0.0,0.0,0.0,0.0,0.0
-0.43720539277774384,0.2999477024143474,0.04491902783392981,-192.1194748832125,-2171.071009792441,634.3784989803402,0.0,0.0,0.0,0.0,0.0,0.0,0.0,0.0,0.0,0.0,0.0,0.0,0.0,0.0,0.0,0.0,0.0,0.0
0.012842589010562925,0.16661917454574995,0.04491902783392981,-1895.2165749110807,-356.5564615185269,521.5135690830347,0.0,0.0,0.0,0.0,0.0,0.0,0.0,0.0,0.0,0.0,0.0,0.0,0.0,0.0,0.0,0.0,0.0,0.0
-0.4363009686511971,0.3692123317538078,0.04691727046408708,-275.8767387480958,-2318.160125574531,677.5130172602106,0.0,0.0,0.0,0.0,0.0,0.0,0.0,0.0,0.0,0.0,0.0,0.0,0.0,0.0,0.0,0.0,0.0,0.0
0.0173237216544264,0.18477345589299313,0.04691727046408708,-1837.4544982397708,-444.63055086520603,746.0625100648824,0.0,0.0,0.0,0.0,0.0,0.0,0.0,0.0,0.0,0.0,0.0,0.0,0.0,0.0,0.0,0.0,0.0,0.0
-1.3971618589594013,0.13289798572486078,0.11884079276739795,30.62558420373406,-2125.8424491969345,1473.3141123835355,0.0,0.0,0.0,0.0,0.0,0.0,0.0,0.0,0.0,0.0,0.0,0.0,0.0,0.0,0.0,0.0,0.0,0.0
0.22659382638921596,0.9700286542043794,0.11884079276739788,-3112.9081652392997,109.76735471099668,-525.8109089241868,0.0,0.0,0.0,0.0,0.0,0.0,0.0,0.0,0.0,0.0,0.0,0.0,0.0,0.0,0.0,0.0,0.0,0.0
-0.4092911415344068,0.6652700569223394,0.05355562769593723,738.5586477212833,-3255.083094892948,-433.34163765290083,0.0,0.0,0.0,0.0,0.0,0.0,0.0,0.0,0.0,0.0,0.0,0.0,0.0,0.0,0.0,0.0,0.0,0.0
-0.09516267894884352,-0.1048711316758798,0.053555627695937275,-1467.5075867120056,155.75282348488145,1603.7444525745589,0.0,0.0,0.0,0.0,0.0,0.0,0.0,0.0,0.0,0.0,0.0,0.0,0.0,0.0,0.0,0.0,0.0,0.0
-0.43369751753839675,0.3118641532295366,0.04498721140107796,33.73982277306689,-2188.4470463728057,241.02005262947392,0.0,0.0,0.0,0.0,0.0,0.0,0.0,0.0,0.0,0.0,0.0,0.0,0.0,0.0,0.0,0.0,0.0,0.0
-0.021326186623815198,0.07294059045353135,0.04498721140107797,-1727.90911890153,-246.844432477766,569.509626406997,0.0,0.0,0.0,0.0,0.0,0.0,0.0,0.0,0.0,0.0,0.0,0.0,0.0,0.0,0.0,0.0,0.0,0.0
-0.4194977062183616,0.6331238187116145,0.05343282620335021,-360.15682096596737,-3159.1623261444847,597.9637342658459,0.0,0.0,0.0,0.0,0.0,0.0,0.0,0.0,0.0,0.0,0.0,0.0,0.0,0.0,0.0,0.0,0.0,0.0
0.011517617635005393,0.18787152674459465,0.05343282620335022,-1518.5917047181763,-631.0375364941804,1495.781539607118,0.0,0.0,0.0,0.0,0.0,0.0,0.0,0.0,0.0,0.0,0.0,0.0,0.0,0.0,0.0,0.0,0.0,0.0
-0.4335572652184246,0.44718788490051975,0.049024957406859436,-371.80217903425734,-2527.002009581898,726.2208751539928,0.0,0.0,0.0,0.0,0.0,0.0,0.0,0.0,0.0,0.0,0.0,0.0,0.0,0.0,0.0,0.0,0.0,0.0
0.022715307296001352,0.20574918005572018,0.04902495740685945,-1779.907173534087,-549.4095625288039,981.9698275972494,0.0,0.0,0.0,0.0,0.0,0.0,0.0,0.0,0.0,0.0,0.0,0.0,0.0,0.0,0.0,0.0,0.0,0.0
0.0,0.0,0.0,0.0,0.0,0.0,-1.1273886086933136,-0.1792500716750876,1.0975901326191487e-17,-93.21003727104554,-2762.5738020135527,-509.00174209732586,0.0,0.0,0.0,0.0,0.0,0.0,0.0,0.0,0.0,0.0,0.0,0.0
0.0,0.0,0.0,0.0,0.0,0.0,0.1576690975164436,-0.18790271340630854,5.003264165538468e-17,-2437.159725610913,305.42611196990293,1218.8296309061247,0.0,0.0,0.0,0.0,0.0,0.0,0.0,0.0,0.0,0.0,0.0,0.0
0.0,0.0,0.0,0.0,0.0,0.0,-0.4555830615188416,-0.514492703522526,3.150359212767648e-17,341.6231551389573,-2076.3153675901935,451.32505474868924,0.0,0.0,0.0,0.0,0.0,0.0,0.0,0.0,0.0,0.0,0.0,0.0
0.0,0.0,0.0,0.0,0.0,0.0,-0.09707830738520964,0.11569342158928857,1.966865028383242e-17,-1438.2723666666495,67.25066994239594,-302.6657513480542,0.0,0.0,0.0,0.0,0.0,0.0,0.0,0.0,0.0,0.0,0.0,0.0
0.0,0.0,0.0,0.0,0.0,0.0,-0.5430665096256339,-0.3880603721933474,2.3761844634125672e-17,-510.68744980644504,-2043.5261379816122,-875.7367809946397,0.0,0.0,0.0,0.0,0.0,0.0,0.0,0.0,0.0,0.0,0.0,0.0
0.0,0.0,0.0,0.0,0.0,0.0,0.1844177332348311,-0.21978049612069067,3.964951676511362e-17,-1946.8757540632541,68.17529039313494,158.12826828388015,0.0,0.0,0.0,0.0,0.0,0.0,0.0,0.0,0.0,0.0,0.0,0.0
0.0,0.0,0.0,0.0,0.0,0.0,-2.0531688634139296,0.13774561312919667,-8.434486210763017e-18,-104.54892036506028,-3904.1423513099767,1126.5665657230247,0.0,0.0,0.0,0.0,0.0,0.0,0.0,0.0,0.0,0.0,0.0,0.0
0.0,0.0,0.0,0.0,0.0,0.0,-0.529155516667444,0.6306229880294717,1.980573202241649e-17,-3288.3800138085526,-1081.7805125312143,1950.4660908619883,0.0,0.0,0.0,0.0,0.0,0.0,0.0,0.0,0.0,0.0,0.0,0.0
0.0,0.0,0.0,0.0,0.0,0.0,-0.7605657237249746,-0.2324170664591406,1.423144082532021e-17,-170.59412678100915,-2397.4704170496043,-537.3041163542573,0.0,0.0,0.0,0.0,0.0,0.0,0.0,0.0,0.0,0.0,0.0,0.0
0.0,0.0,0.0,0.0,0.0,0.0,0.12446741314429892,-0.14833448677562605,3.789480499894177e-17,-2219.2968149953854,228.15686924568723,862.5206269891924,0.0,0.0,0.0,0.0,0.0,0.0,0.0,0.0,0.0,0.0,0.0,0.0
0.0,0.0,0.0,0.0,0.0,0.0,-0.5640477333125641,-0.36210471768214,2.2172519173279436e-17,245.1448938708088,-2064.553974969247,450.0980730582064,0.0,0.0,0.0,0.0,0.0,0.0,0.0,0.0,0.0,0.0,0.0,0.0
0.0,0.0,0.0,0.0,0.0,0.0,-0.09469717569596005,0.11285569934418545,1.925735891427535e-17,-1799.6739219964431,-57.66319569520381,260.22418827836725,0.0,0.0,0.0,0.0,0.0,0.0,0.0,0.0,0.0,0.0,0.0,0.0
0.0,0.0,0.0,0.0,0.0,0.0,-0.21370264972651684,-0.8538108204278145,5.228083441571493e-17,560.0998982006463,-3099.333528097586,467.4162318607041,0.0,0.0,0.0,0.0,0.0,0.0,0.0,0.0,0.0,0.0,0.0,0.0
0.0,0.0,0.0,0.0,0.0,0.0,-0.1053938157933453,0.1256034586089316,2.0353545192827215e-17,-691.6045247024927,338.9497021048003,-1472.9485438915603,0.0,0.0,0.0,0.0,0.0,0.0,0.0,0.0,0.0,0.0,0.0,0.0
0.0,0.0,0.0,0.0,0.0,0.0,-0.689076400948093,-0.23475776003333643,1.4374766969991396e-17,30.283751044300445,-2336.3883877148096,87.56036601627002,0.0,0.0,0.0,0.0,0.0,0.0,0.0,0.0,0.0,0.0,0.0,0.0
0.0,0.0,0.0,0.0,0.0,0.0,-0.01880774874020109,0.022414202129743835,2.5343204600707728e-17,-2064.9719898842554,-33.939241468446,787.3188913550373,0.0,0.0,0.0,0.0,0.0,0.0,0.0,0.0,0.0,0.0,0.0,0.0
0.0,0.0,0.0,0.0,0.0,0.0,-0.214030599160605,-0.8536220391755907,5.2269274897901176e-17,240.72141504751662,-3097.4758346269446,200.9686032014773,0.0,0.0,0.0,0.0,0.0,0.0,0.0,0.0,0.0,0.0,0.0,0.0
0.0,0.0,0.0,0.0,0.0,0.0,-0.04532300614491931,0.054013855400377,2.4742256016618752e-17,-625.2642630401565,145.6068090768363,-1471.6670942341557,0.0,0.0,0.0,0.0,0.0,0.0,0.0,0.0,0.0,0.0,0.0,0.0
0.0,0.0,0.0,0.0,0.0,0.0,-0.6953737751619955,-0.23539980066762475,1.4414080620376583e-17,-112.5211047191246,-2339.912023496377,-326.9516613586736,0.0,0.0,0.0,0.0,0.0,0.0,0.0,0.0,0.0,0.0,0.0,0.0
0.0,0.0,0.0,0.0,0.0,0.0,0.07077022694882083,-0.08434067221496486,3.208617120366647e-17,-2105.3087024941424,127.45914815479607,791.8511868161946,0.0,0.0,0.0,0.0,0.0,0.0,0.0,0.0,0.0,0.0,0.0,0.0
0.0,0.0,0.0,0.0,0.0,0.0,-0.624839499496284,-0.2757766197776819,1.6886447734520746e-17,-34.47207747221019,-2202.3376824645798,-81.9900775830876,0.0,0.0,0.0,0.0,0.0,0.0,0.0,0.0,0.0,0.0,0.0,0.0
0.0,0.0,0.0,0.0,0.0,0.0,0.01701860543724362,-0.02028198417077848,2.7058548498065534e-17,-1937.501078982217,23.79774264951515,589.5634820517416,0.0,0.0,0.0,0.0,0.0,0.0,0.0,0.0,0.0,0.0,0.0,0.0
0.0,0.0,0.0,0.0,0.0,0.0,-0.3974338258427138,-0.597785307965539,3.660379319886561e-17,667.1284036895416,-2206.7627599760785,768.5902747160656,0.0,0.0,0.0,0.0,0.0,0.0,0.0,0.0,0.0,0.0,0.0,0.0
0.0,0.0,0.0,0.0,0.0,0.0,-0.16750854373499888,0.19962890878640918,1.4883104200310863e-17,-1394.9549012439336,225.9504650562396,-597.1376621948835,0.0,0.0,0.0,0.0,0.0,0.0,0.0,0.0,0.0,0.0,0.0,0.0
0.0,0.0,0.0,0.0,0.0,0.0,-0.7732738810290222,-0.23014746005504388,1.409246751441514e-17,-210.81507341042015,-2412.51872645613,-678.1130552907129,0.0,0.0,0.0,0.0,0.0,0.0,0.0,0.0,0.0,0.0,0.0,0.0
0.0,0.0,0.0,0.0,0.0,0.0,0.15886203648695932,-0.18932440271016626,4.073045722096616e-17,-2295.115493999525,293.8048810598537,880.0614744557993,0.0,0.0,0.0,0.0,0.0,0.0,0.0,0.0,0.0,0.0,0.0,0.0
0.0,0.0,0.0,0.0,0.0,0.0,-0.1992327154783082,-0.8697418167563692,5.325632659876456e-17,-1167.1935180870476,-3192.846396513384,-955.0750672987027,0.0,0.0,0.0,0.0,0.0,0.0,0.0,0.0,0.0,0.0,0.0,0.0
0.0,0.0,0.0,0.0,0.0,0.0,0.21509676936146666,-0.25634234764193614,4.370774692911352e-17,-912.6440525709949,-722.2597898552611,-1536.0736465040764,0.0,0.0,0.0,0.0,0.0,0.0,0.0,0.0,0.0,0.0,0.0,0.0
0.0,0.0,0.0,0.0,0.0,0.0,-0.45313496527919445,-0.5193360433300591,3.18001611573004e-17,780.5620731250791,-2080.9624046550857,1023.4592769650014,0.0,0.0,0.0,0.0,0.0,0.0,0.0,0.0,0.0,0.0,0.0,0.0
0.0,0.0,0.0,0.0,0.0,0.0,-0.22054313371254475,0.2628330719239104,1.0707667720902576e-17,-1746.7125347633325,160.16711820749498,-317.8768520636315,0.0,0.0,0.0,0.0,0.0,0.0,0.0,0.0,0.0,0.0,0.0,0.0
0.0,0.0,0.0,0.0,0.0,0.0,-1.5823632701174197,-0.043933494335476476,2.690150660664988e-18,-50.655318968804366,-3308.1050139467475,-1430.1817717474512,0.0,0.0,0.0,0.0,0.0,0.0,0.0,0.0,0.0,0.0,0.0,0.0
0.0,0.0,0.0,0.0,0.0,0.0,0.5613898516873616,-0.6690383725943441,8.978819124997519e-17,-3362.5978794906337,1133.9391745644264,1610.4773811987723,0.0,0.0,0.0,0.0,0.0,0.0,0.0,0.0,0.0,0.0,0.0,0.0
0.0,0.0,0.0,0.0,0.0,0.0,-1.101863744242064,-0.18669452144965196,1.1431742405583159e-17,278.73492052433045,-2729.459260886348,1439.3737146379017,0.0,0.0,0.0,0.0,0.0,0.0,0.0,0.0,0.0,0.0,0.0,0.0
0.0,0.0,0.0,0.0,0.0,0.0,-0.43913566985294594,0.5233415121835131,5.9002347457308034e-18,-3102.8571863625016,-843.9153560350204,1190.9168247214093,0.0,0.0,0.0,0.0,0.0,0.0,0.0,0.0,0.0,0.0,0.0,0.0
0.0,0.0,0.0,0.0,0.0,0.0,-0.8792340825261178,-0.22309414874261355,1.3660576758307258e-17,252.7656705253812,-2504.311331836126,925.5868312427235,0.0,0.0,0.0,0.0,0.0,0.0,0.0,0.0,0.0,0.0,0.0,0.0
0.0,0.0,0.0,0.0,0.0,0.0,-0.23928518581417552,0.2851689798486167,1.4692480695241005e-17,-2509.2132771212873,-446.69741992152285,980.2850644332232,0.0,0.0,0.0,0.0,0.0,0.0,0.0,0.0,0.0,0.0,0.0,0.0
0.0,0.0,0.0,0.0,0.0,0.0,-0.2776983893296215,-0.763853427365851,4.6772532742066234e-17,847.8773043760947,-2709.4512533836505,781.1345576774185,0.0,0.0,0.0,0.0,0.0,0.0,0.0,0.0,0.0,0.0,0.0,0.0
0.0,0.0,0.0,0.0,0.0,0.0,-0.1739562801747131,0.20731302185253925,1.500391808013582e-17,-1031.6600319090928,451.3754943450075,-1173.7300790373076,0.0,0.0,0.0,0.0,0.0,0.0,0.0,0.0,0.0,0.0,0.0,0.0
0.0,0.0,0.0,0.0,0.0,0.0,-0.5061680157460686,-0.44353780331777926,2.7158857556698332e-17,500.31064214245504,-2032.1477923617026,758.9723185659167,0.0,0.0,0.0,0.0,0.0,0.0,0.0,0.0,0.0,0.0,0.0,0.0
0.0,0.0,0.0,0.0,0.0,0.0,-0.1616047647052695,0.19259305891784684,1.4689954940535908e-17,-1745.2823245933705,16.255766600848357,-43.50484517577448,0.0,0.0,0.0,0.0,0.0,0.0,0.0,0.0,0.0,0.0,0.0,0.0
0.0,0.0,0.0,0.0,0.0,0.0,-0.39814073746869605,-0.5956968201916067,3.647591020549538e-17,898.3108048489431,-2203.61928956394,1037.3532522763605,0.0,0.0,0.0,0.0,0.0,0.0,0.0,0.0,0.0,0.0,0.0,0.0
0.0,0.0,0.0,0.0,0.0,0.0,-0.2258205142762782,0.26912240917022656,1.0596330509489087e-17,-1581.4577522729326,302.21874135011007,-591.7671165373317,0.0,0.0,0.0,0.0,0.0,0.0,0.0,0.0,0.0,0.0,0.0,0.0
0.0,0.0,0.0,0.0,0.0,0.0,-0.6985220050446558,-0.23546988878124397,1.441837227957669e-17,-232.644250115869,-2342.251694302421,-678.2185549957525,0.0,0.0,0.0,0.0,0.0,0.0,0.0,0.0,0.0,0.0,0.0,0.0
0.0,0.0,0.0,0.0,0.0,0.0,0.14733087826531707,-0.17558210347275185,3.776979316088104e-17,-2240.3942165025483,265.3974394320266,794.8463240389217,0.0,0.0,0.0,0.0,0.0,0.0,0.0,0.0,0.0,0.0,0.0,0.0
0.0,0.0,0.0,0.0,0.0,0.0,-0.5081982591494568,-0.4409137899415936,2.699818307759505e-17,289.68035999162703,-2031.7686194143246,441.97465741484035,0.0,0.0,0.0,0.0,0.0,0.0,0.0,0.0,0.0,0.0,0.0,0.0
0.0,0.0,0.0,0.0,0.0,0.0,-0.0940894119111441,0.1121313946701824,1.961163804821741e-17,-1608.1363743397872,7.290081482971373,-33.50357288838061,0.0,0.0,0.0,0.0,0.0,0.0,0.0,0.0,0.0,0.0,0.0,0.0
0.0,0.0,0.0,0.0,0.0,0.0,-0.7178180796064947,-0.23604146169369541,1.4453371026462334e-17,268.61518340742543,-2356.0815354840965,798.426578766161,0.0,0.0,0.0,0.0,0.0,0.0,0.0,0.0,0.0,0.0,0.0,0.0
0.0,0.0,0.0,0.0,0.0,0.0,-0.17727157255438436,0.21126403345651268,1.46785563784761e-17,-2318.572711115136,-319.30722931944297,812.325103344631,0.0,0.0,0.0,0.0,0.0,0.0,0.0,0.0,0.0,0.0,0.0,0.0
0.0,0.0,0.0,0.0,0.0,0.0,-0.40563886797815846,-0.5858969658468929,3.5875842192727165e-17,-588.8264506761271,-2183.3086427222315,-690.7814344816965,0.0,0.0,0.0,0.0,0.0,0.0,0.0,0.0,0.0,0.0,0.0,0.0
0.0,0.0,0.0,0.0,0.0,0.0,0.15025420672898637,-0.1790659906716627,3.801809777025109e-17,-1378.6904964818161,-189.02389396656594,-555.8174245016795,0.0,0.0,0.0,0.0,0.0,0.0,0.0,0.0,0.0,0.0,0.0,0.0
0.0,0.0,0.0,0.0,0.0,0.0,-1.1134602119014652,-0.18325699320878275,1.1221254507725204e-17,207.81343029875967,-2744.691020880986,1100.8365471504976,0.0,0.0,0.0,0.0,0.0,0.0,0.0,0.0,0.0,0.0,0.0,0.0
0.0,0.0,0.0,0.0,0.0,0.0,-0.33817695727215197,0.4030236037616658,1.3530258866567153e-17,-2786.8415648678406,-652.4303739673068,1203.8363169525132,0.0,0.0,0.0,0.0,0.0,0.0,0.0,0.0,0.0,0.0,0.0,0.0
0.0,0.0,0.0,0.0,0.0,0.0,-2.136823227037336,0.20137601092498458,-1.233072436021723e-17,64.44032349599505,-4117.58004560781,-482.3870573724263,0.0,0.0,0.0,0.0,0.0,0.0,0.0,0.0,0.0,0.0,0.0,0.0
0.0,0.0,0.0,0.0,0.0,0.0,0.23011911948565547,-0.2742452873716463,7.612536832538996e-17,-2967.006240650597,488.89166994449823,2058.6053607389913,0.0,0.0,0.0,0.0,0.0,0.0,0.0,0.0,0.0,0.0,0.0,0.0
0.0,0.0,0.0,0.0,0.0,0.0,-0.46219852547433105,-0.504814181574956,3.091095358149802e-17,-743.086475278335,-2066.6439758095876,-998.8298881830447,0.0,0.0,0.0,0.0,0.0,0.0,0.0,0.0,0.0,0.0,0.0,0.0
0.0,0.0,0.0,0.0,0.0,0.0,0.21447991883006587,-0.2556072138050456,4.235885617405272e-17,-1759.823208670231,-131.91271064933213,-268.25709927613906,0.0,0.0,0.0,0.0,0.0,0.0,0.0,0.0,0.0,0.0,0.0,0.0
0.0,0.0,0.0,0.0,0.0,0.0,-0.3460055879123715,-0.6696267812867094,4.100281471630567e-17,-679.6711830060099,-2385.7366282149023,-705.9157078742686,0.0,0.0,0.0,0.0,0.0,0.0,0.0,0.0,0.0,0.0,0.0,0.0
0.0,0.0,0.0,0.0,0.0,0.0,0.15536423011993444,-0.1851558794060655,3.871133194571934e-17,-1198.4706792142129,-294.91410652559125,-848.5917583621471,0.0,0.0,0.0,0.0,0.0,0.0,0.0,0.0,0.0,0.0,0.0,0.0
0.0,0.0,0.0,0.0,0.0,0.0,-0.7265321489797885,-0.234866057658663,1.438139828700197e-17,86.6655752760467,-2365.644128141122,261.0766907834306,0.0,0.0,0.0,0.0,0.0,0.0,0.0,0.0,0.0,0.0,0.0,0.0
0.0,0.0,0.0,0.0,0.0,0.0,-0.05845494016138393,0.06966388494220882,2.3582065675965117e-17,-2111.489400182031,-105.93548124583477,824.1940091570052,0.0,0.0,0.0,0.0,0.0,0.0,0.0,0.0,0.0,0.0,0.0,0.0
0.0,0.0,0.0,0.0,0.0,0.0,-0.3073601502666824,-0.7189304839830974,4.402179580096788e-17,966.2425704732831,-2551.853455225429,937.5356154908194,0.0,0.0,0.0,0.0,0.0,0.0,0.0,0.0,0.0,0.0,0.0,0.0
0.0,0.0,0.0,0.0,0.0,0.0,-0.20696059721822693,0.24664603526026516,1.2353260376420159e-17,-1226.47604718944,474.6543055850707,-1028.3613806698377,0.0,0.0,0.0,0.0,0.0,0.0,0.0,0.0,0.0,0.0,0.0,0.0
0.0,0.0,0.0,0.0,0.0,0.0,-1.101129941931933,-0.18458511029902017,1.130257822489781e-17,62.943522611965896,-2735.086909378653,328.09775179558454,0.0,0.0,0.0,0.0,0.0,0.0,0.0,0.0,0.0,0.0,0.0,0.0
0.0,0.0,0.0,0.0,0.0,0.0,-0.09989954677776844,0.11905564377093883,3.058011204833296e-17,-2365.184978450031,-193.1397692878583,1195.7064242800034,0.0,0.0,0.0,0.0,0.0,0.0,0.0,0.0,0.0,0.0,0.0,0.0
0.0,0.0,0.0,0.0,0.0,0.0,-0.2853558619381608,-0.75445068194752,4.619678063807841e-17,-749.9239778558349,-2669.931025639108,-699.3255418876327,0.0,0.0,0.0,0.0,0.0,0.0,0.0,0.0,0.0,0.0,0.0,0.0
0.0,0.0,0.0,0.0,0.0,0.0,0.1556982691125883,-0.18555397157562728,3.9053077254471156e-17,-1008.293977273757,-392.15242286730097,-1139.0207107504966,0.0,0.0,0.0,0.0,0.0,0.0,0.0,0.0,0.0,0.0,0.0,0.0
0.0,0.0,0.0,0.0,0.0,0.0,-0.7780436319416408,-0.21924253546121839,1.3424733464476559e-17,-201.7031326243209,-2443.885848028374,-677.9869951786354,0.0,0.0,0.0,0.0,0.0,0.0,0.0,0.0,0.0,0.0,0.0,0.0
0.0,0.0,0.0,0.0,0.0,0.0,0.15811252986082225,-0.18843117549579427,4.054368416202563e-17,-2317.859024901598,305.5938979884415,915.5444271212627,0.0,0.0,0.0,0.0,0.0,0.0,0.0,0.0,0.0,0.0,0.0,0.0
0.0,0.0,0.0,0.0,0.0,0.0,-0.46240699648159467,-0.5050627939980519,3.092617670190667e-17,-522.2349289939856,-2066.6552382691534,-701.9540783608041,0.0,0.0,0.0,0.0,0.0,0.0,0.0,0.0,0.0,0.0,0.0,0.0
0.0,0.0,0.0,0.0,0.0,0.0,0.15080239968682102,-0.17971930159859698,3.7724637179822815e-17,-1569.3717420882674,-92.71987479673551,-268.2997349982235,0.0,0.0,0.0,0.0,0.0,0.0,0.0,0.0,0.0,0.0,0.0,0.0
0.0,0.0,0.0,0.0,0.0,0.0,-0.22291506638040792,-0.8390344369329382,5.137604187821622e-17,-559.6359694342698,-3036.1141264429375,-473.6258866286992,0.0,0.0,0.0,0.0,0.0,0.0,0.0,0.0,0.0,0.0,0.0,0.0
0.0,0.0,0.0,0.0,0.0,0.0,0.10642812635717852,-0.12683610193923808,3.5714935659326503e-17,-722.2549216614957,-333.13356708587827,-1428.6935125494613,0.0,0.0,0.0,0.0,0.0,0.0,0.0,0.0,0.0,0.0,0.0,0.0
0.0,0.0,0.0,0.0,0.0,0.0,-1.2026018887922014,-0.16659420104480716,1.0200952753301686e-17,-119.94782475226113,-2831.320507444324,-740.3984513790361,0.0,0.0,0.0,0.0,0.0,0.0,0.0,0.0,0.0,0.0,0.0,0.0
0.0,0.0,0.0,0.0,0.0,0.0,0.24094054862376826,-0.28714176442399586,5.805684961595241e-17,-2582.187101893018,464.68730270522605,1274.8274695789346,0.0,0.0,0.0,0.0,0.0,0.0,0.0,0.0,0.0,0.0,0.0,0.0
0.0,0.0,0.0,0.0,0.0,0.0,-0.34820363073494376,-0.6659840090916808,4.077975925087243e-17,-440.21543000960094,-2376.2055125015822,-459.27980468231686,0.0,0.0,0.0,0.0,0.0,0.0,0.0,0.0,0.0,0.0,0.0,0.0
0.0,0.0,0.0,0.0,0.0,0.0,0.10098680371270644,-0.12035138612922423,3.471731331795543e-17,-1097.4719543699866,-189.2789164949713,-837.107052667348,0.0,0.0,0.0,0.0,0.0,0.0,0.0,0.0,0.0,0.0,0.0,0.0
0.0,0.0,0.0,0.0,0.0,0.0,-0.2221687321755319,-0.8411561965122879,5.150596218208677e-17,-856.297008049509,-3042.3457782407954,-723.6716699126554,0.0,0.0,0.0,0.0,0.0,0.0,0.0,0.0,0.0,0.0,0.0,0.0
0.0,0.0,0.0,0.0,0.0,0.0,0.16279713309254046,-0.19401406822707293,3.985957691500776e-17,-832.3185034119393,-510.5837248240946,-1433.1165282834318,0.0,0.0,0.0,0.0,0.0,0.0,0.0,0.0,0.0,0.0,0.0,0.0
0.0,0.0,0.0,0.0,0.0,0.0,-0.46206762962868536,-0.5066371450849955,3.102257790287465e-17,-337.92697577169196,-2067.7089826548586,-453.30948779970265,0.0,0.0,0.0,0.0,0.0,0.0,0.0,0.0,0.0,0.0,0.0,0.0
0.0,0.0,0.0,0.0,0.0,0.0,0.09749339003810006,-0.11618809783209437,3.3864071302852e-17,-1458.494281657299,-60.76051341248683,-272.25930701496947,0.0,0.0,0.0,0.0,0.0,0.0,0.0,0.0,0.0,0.0,0.0,0.0
0.0,0.0,0.0,0.0,0.0,0.0,-0.8953690441451397,-0.22005118021331435,1.3474248674841642e-17,-288.70714843986843,-2522.6889709729307,-1085.4683126653533,0.0,0.0,0.0,0.0,0.0,0.0,0.0,0.0,0.0,0.0,0.0,0.0
0.0,0.0,0.0,0.0,0.0,0.0,0.2841920028255435,-0.33868684035388535,5.3302131984986466e-17,-2642.5959354222277,533.9356447563821,999.1435143200162,0.0,0.0,0.0,0.0,0.0,0.0,0.0,0.0,0.0,0.0,0.0,0.0
0.0,0.0,0.0,0.0,0.0,0.0,-0.5674167237810748,-0.35699697431920663,2.1859760095265314e-17,-242.043948588422,-2069.562925020724,-450.2866894618554,0.0,0.0,0.0,0.0,0.0,0.0,0.0,0.0,0.0,0.0,0.0,0.0
0.0,0.0,0.0,0.0,0.0,0.0,0.0946367707738707,-0.1127837115612752,3.3046142085224486e-17,-1811.8642879486158,61.869460225387805,279.0893900758241,0.0,0.0,0.0,0.0,0.0,0.0,0.0,0.0,0.0,0.0,0.0,0.0
0.0,0.0,0.0,0.0,0.0,0.0,-1.4673628294560606,-0.0855505380979513,5.238459632349488e-18,-113.35446297978544,-3156.7197236160378,-1562.2491568520838,0.0,0.0,0.0,0.0,0.0,0.0,0.0,0.0,0.0,0.0,0.0,0.0
0.0,0.0,0.0,0.0,0.0,0.0,0.5829027544486207,-0.6946764517472045,8.894358764373474e-17,-3448.342292746833,1162.908949069442,1511.9990646387562,0.0,0.0,0.0,0.0,0.0,0.0,0.0,0.0,0.0,0.0,0.0,0.0
0.0,0.0,0.0,0.0,0.0,0.0,-1.093163742599654,-0.19050986385554142,1.1665364748834343e-17,-251.47302028931463,-2714.538762484494,-1267.0275953900682,0.0,0.0,0.0,0.0,0.0,0.0,0.0,0.0,0.0,0.0,0.0,0.0
0.0,0.0,0.0,0.0,0.0,0.0,0.38486605145815034,-0.45866549949279883,6.586503493864059e-17,-2918.7236903078165,734.8876742271668,1178.1239868208709,0.0,0.0,0.0,0.0,0.0,0.0,0.0,0.0,0.0,0.0,0.0,0.0
0.0,0.0,0.0,0.0,0.0,0.0,-1.580083493797022,-0.046183561629908255,2.8279275461645834e-18,26.832649306976702,-3300.4514488138097,720.498333140269,0.0,0.0,0.0,0.0,0.0,0.0,0.0,0.0,0.0,0.0,0.0,0.0
0.0,0.0,0.0,0.0,0.0,0.0,-0.28274909032112616,0.3369672441929468,2.8176301783448837e-17,-2783.867506335209,-569.5423496044206,1605.6435941384345,0.0,0.0,0.0,0.0,0.0,0.0,0.0,0.0,0.0,0.0,0.0,0.0
0.0,0.0,0.0,0.0,0.0,0.0,-0.5632713937847471,-0.36211855512501867,2.217336647228592e-17,-526.5203791517771,-2064.2143554772556,-965.8285753571244,0.0,0.0,0.0,0.0,0.0,0.0,0.0,0.0,0.0,0.0,0.0,0.0
0.0,0.0,0.0,0.0,0.0,0.0,0.2030238608075712,-0.2419544154997699,4.096015512488226e-17,-2074.218154731592,123.10286043591583,258.895321740446,0.0,0.0,0.0,0.0,0.0,0.0,0.0,0.0,0.0,0.0,0.0,0.0
0.0,0.0,0.0,0.0,0.0,0.0,-0.3842196572231143,-0.6252518645494157,3.828563472906782e-17,-12.505037290988255,-2256.7535332486837,-13.924669696372254,0.0,0.0,0.0,0.0,0.0,0.0,0.0,0.0,0.0,0.0,0.0,0.0
0.0,0.0,0.0,0.0,0.0,0.0,0.003067970621876098,-0.0036562650105943753,2.7627206529956522e-17,-1121.0090358581838,-4.639981626536633,-676.8422608963318,0.0,0.0,0.0,0.0,0.0,0.0,0.0,0.0,0.0,0.0,0.0,0.0
0.0,0.0,0.0,0.0,0.0,0.0,-0.4322463780857905,-0.5446487131905521,3.3350115163426724e-17,888.3220512137906,-2116.252679584592,1111.059023532754,0.0,0.0,0.0,0.0,0.0,0.0,0.0,0.0,0.0,0.0,0.0,0.0
0.0,0.0,0.0,0.0,0.0,0.0,-0.23951443285719629,0.28544218583572833,9.333849769815531e-18,-1754.4119209312857,227.33286406656114,-415.6054188278785,0.0,0.0,0.0,0.0,0.0,0.0,0.0,0.0,0.0,0.0,0.0,0.0
0.0,0.0,0.0,0.0,0.0,0.0,-2.1093387185921024,0.16398479920897074,-1.0041172973004378e-17,152.50586326434274,-3985.279894200478,-1404.7090204399935,0.0,0.0,0.0,0.0,0.0,0.0,0.0,0.0,0.0,0.0,0.0,0.0
0.0,0.0,0.0,0.0,0.0,0.0,0.671430680211432,-0.8001799253199485,1.0844687779571133e-16,-3580.773287952185,1377.773086533782,1992.2665100137374,0.0,0.0,0.0,0.0,0.0,0.0,0.0,0.0,0.0,0.0,0.0,0.0
0.0,0.0,0.0,0.0,0.0,0.0,-0.3950807133644,-0.5986705980486461,3.66580015821953e-17,1114.724653566579,-2211.2265000719176,1280.064350499511,0.0,0.0,0.0,0.0,0.0,0.0,0.0,0.0,0.0,0.0,0.0,0.0
0.0,0.0,0.0,0.0,0.0,0.0,-0.27848083774765525,0.33188053885441343,6.736476234110922e-18,-1785.2812556928736,381.0681639768873,-604.6819063888715,0.0,0.0,0.0,0.0,0.0,0.0,0.0,0.0,0.0,0.0,0.0,0.0
0.0,0.0,0.0,0.0,0.0,0.0,0.0,0.0,0.0,0.0,0.0,0.0,0.021176287667604446,0.12009669525627997,-0.5837147234573674,-2038.0849032458377,-59.653857663186024,-285.5351534009538,0.0,0.0,0.0,0.0,0.0,0.0
0.0,0.0,0.0,0.0,0.0,0.0,0.0,0.0,0.0,0.0,0.0,0.0,0.560598114404871,-0.18216922568632254,-0.5837147234573674,132.43702707395641,2071.354677436425,424.36060395350626,0.0,0.0,0.0,0.0,0.0,0.0
0.0,0.0,0.0,0.0,0.0,0.0,0.0,0.0,0.0,0.0,0.0,0.0,0.054465240779962114,0.30888772983650065,-1.3852673922877263,-2327.290158319807,292.5726293040556,1292.1654012518593,0.0,0.0,0.0,0.0,0.0,0.0
0.0,0.0,0.0,0.0,0.0,0.0,0.0,0.0,0.0,0.0,0.0,0.0,1.5172482845280035,0.6273056419219144,-1.3852673922877263,-208.26547311807576,2853.231691188125,459.90877423952514,0.0,0.0,0.0,0.0,0.0,0.0
0.0,0.0,0.0,0.0,0.0,0.0,0.0,0.0,0.0,0.0,0.0,0.0,-0.06229747922577957,-0.3533065613411755,-0.7158604649898882,-2498.9367670839497,11.031662020735508,-22.012485457688356,0.0,0.0,0.0,0.0,0.0,0.0
0.0,0.0,0.0,0.0,0.0,0.0,0.0,0.0,0.0,0.0,0.0,0.0,0.7036377995648014,-0.13194785556557592,-0.7158604649898882,-187.62985061424905,2031.4545514470276,-1017.9535812156207,0.0,0.0,0.0,0.0,0.0,0.0
0.0,0.0,0.0,0.0,0.0,0.0,0.0,0.0,0.0,0.0,0.0,0.0,-0.01584268868783394,-0.08984835232917561,-0.5205103058032992,-1952.4702139765418,110.37008250032844,-629.6831059683659,0.0,0.0,0.0,0.0,0.0,0.0
0.0,0.0,0.0,0.0,0.0,0.0,0.0,0.0,0.0,0.0,0.0,0.0,0.4845827547142028,-0.24929401832117945,-0.5205103058032992,-170.5171085316868,2226.4196681189833,-356.02904916945647,0.0,0.0,0.0,0.0,0.0,0.0
0.0,0.0,0.0,0.0,0.0,0.0,0.0,0.0,0.0,0.0,0.0,0.0,-0.05405835890916821,-0.3065801880799345,-0.8137156753710728,-2322.190973991793,-64.00152367300065,167.29014910095995,0.0,0.0,0.0,0.0,0.0,0.0
0.0,0.0,0.0,0.0,0.0,0.0,0.0,0.0,0.0,0.0,0.0,0.0,0.8129909382652734,-0.07530108530043234,-0.8137156753710728,-71.91253646191299,2044.9939507379916,-777.0984699793745,0.0,0.0,0.0,0.0,0.0,0.0
0.0,0.0,0.0,0.0,0.0,0.0,0.0,0.0,0.0,0.0,0.0,0.0,0.029933735683426752,0.1697626509746602,-0.5440402441585483,-2064.71109259021,-249.0254717171013,-785.9304381358252,0.0,0.0,0.0,0.0,0.0,0.0
0.0,0.0,0.0,0.0,0.0,0.0,0.0,0.0,0.0,0.0,0.0,0.0,0.49922152600549746,-0.30177693530571664,-0.5440402441585483,357.0021144666627,2335.3129811129734,643.599608839563,0.0,0.0,0.0,0.0,0.0,0.0
0.0,0.0,0.0,0.0,0.0,0.0,0.0,0.0,0.0,0.0,0.0,0.0,-0.07303697841521738,-0.4142132878460331,-0.9409156274228679,-2472.5529499839995,-186.58168729517791,417.39489203943515,0.0,0.0,0.0,0.0,0.0,0.0
0.0,0.0,0.0,0.0,0.0,0.0,0.0,0.0,0.0,0.0,0.0,0.0,0.9601956887384887,0.027023210486512118,-0.9409156274228679,26.077398119484062,2116.9865413410544,-907.9835804630675,0.0,0.0,0.0,0.0,0.0,0.0
0.0,0.0,0.0,0.0,0.0,0.0,0.0,0.0,0.0,0.0,0.0,0.0,0.029646274286915887,0.16813237638278627,-0.6547171840582956,-1866.4366099597494,-405.3617439129574,-1554.5210494182888,0.0,0.0,0.0,0.0,0.0,0.0
0.0,0.0,0.0,0.0,0.0,0.0,0.0,0.0,0.0,0.0,0.0,0.0,0.557761500638305,-0.6071433361091196,-0.6547171840582956,491.17895891227784,3220.915024172977,529.6662019031613,0.0,0.0,0.0,0.0,0.0,0.0
0.0,0.0,0.0,0.0,0.0,0.0,0.0,0.0,0.0,0.0,0.0,0.0,-0.1500479233190179,-0.850964059590538,-1.3465430891456132,-3036.103505149883,-783.4870596147758,1220.9343827981502,0.0,0.0,0.0,0.0,0.0,0.0
0.0,0.0,0.0,0.0,0.0,0.0,0.0,0.0,0.0,0.0,0.0,0.0,1.4666347311123518,0.5632662905245855,-1.3465430891456132,545.2417692277986,2765.1018925386074,-1303.4537102929535,0.0,0.0,0.0,0.0,0.0,0.0
0.0,0.0,0.0,0.0,0.0,0.0,0.0,0.0,0.0,0.0,0.0,0.0,-0.009379735493625923,-0.0531951233778235,-0.5063098199626223,-1931.0492242448317,56.56895012140284,-530.241979158166,0.0,0.0,0.0,0.0,0.0,0.0
0.0,0.0,0.0,0.0,0.0,0.0,0.0,0.0,0.0,0.0,0.0,0.0,0.475666679347104,-0.21808225574735887,-0.5063098199626223,-93.33920545986966,2169.6338523906707,-216.70060294400218,0.0,0.0,0.0,0.0,0.0,0.0
0.0,0.0,0.0,0.0,0.0,0.0,0.0,0.0,0.0,0.0,0.0,0.0,-0.020624975374681043,-0.11697004787249142,-0.507152113351292,-2017.1170032186062,125.37250067459718,-535.3247455699558,0.0,0.0,0.0,0.0,0.0,0.0
0.0,0.0,0.0,0.0,0.0,0.0,0.0,0.0,0.0,0.0,0.0,0.0,0.47623762500610467,-0.21969483631629663,-0.507152113351292,-206.0737564646863,2172.3002486567343,-475.70868232351177,0.0,0.0,0.0,0.0,0.0,0.0
0.0,0.0,0.0,0.0,0.0,0.0,0.0,0.0,0.0,0.0,0.0,0.0,0.025636630367664347,0.1453925557203943,-0.6512739439914913,-2076.8038611325287,-34.39303381603339,-151.720225102326,0.0,0.0,0.0,0.0,0.0,0.0
0.0,0.0,0.0,0.0,0.0,0.0,0.0,0.0,0.0,0.0,0.0,0.0,0.6329322635408963,-0.16099992582976938,-0.6512739439914913,113.82694756164686,2042.5486336072088,460.4506784019844,0.0,0.0,0.0,0.0,0.0,0.0
0.0,0.0,0.0,0.0,0.0,0.0,0.0,0.0,0.0,0.0,0.0,0.0,-0.043133462357763275,-0.24462202088674748,-0.716065171247683,-2237.0977659910995,7.92584589121166,-22.848310055491037,0.0,0.0,0.0,0.0,0.0,0.0
0.0,0.0,0.0,0.0,0.0,0.0,0.0,0.0,0.0,0.0,0.0,0.0,0.7037878446080763,-0.1322757641946313,-0.716065171247683,-130.1593519675173,2031.4730112053035,-704.6081285077199,0.0,0.0,0.0,0.0,0.0,0.0
0.0,0.0,0.0,0.0,0.0,0.0,0.0,0.0,0.0,0.0,0.0,0.0,-0.09923703794033895,-0.5628012091037567,-1.1089037156366097,-2661.4883791318734,-385.36356823329095,747.7577630819586,0.0,0.0,0.0,0.0,0.0,0.0
0.0,0.0,0.0,0.0,0.0,0.0,0.0,0.0,0.0,0.0,0.0,0.0,1.162944350828123,0.20946316782224395,-1.1089037156366097,197.73323042419815,2306.4903540073205,-1046.8051075609596,0.0,0.0,0.0,0.0,0.0,0.0
0.0,0.0,0.0,0.0,0.0,0.0,0.0,0.0,0.0,0.0,0.0,0.0,0.09116654139496928,0.5170311487707149,-0.827326532295518,-2839.930472699453,124.39151357748148,196.0209345676056,0.0,0.0,0.0,0.0,0.0,0.0
0.0,0.0,0.0,0.0,0.0,0.0,0.0,0.0,0.0,0.0,0.0,0.0,0.8286217422310928,-0.065036192049858,-0.827326532295518,101.32638721367864,2050.13284921188,1288.9747373164173,0.0,0.0,0.0,0.0,0.0,0.0
0.0,0.0,0.0,0.0,0.0,0.0,0.0,0.0,0.0,0.0,0.0,0.0,0.03221634703217603,0.18270798321807513,-0.7264939147773988,-2130.4912473998847,-0.4698924308400658,-1.840027719030891,0.0,0.0,0.0,0.0,0.0,0.0
0.0,0.0,0.0,0.0,0.0,0.0,0.0,0.0,0.0,0.0,0.0,0.0,0.7153425597269071,-0.1268024588255469,-0.7264939147773988,90.53695560144038,2031.217666835042,518.7166551510628,0.0,0.0,0.0,0.0,0.0,0.0
0.0,0.0,0.0,0.0,0.0,0.0,0.0,0.0,0.0,0.0,0.0,0.0,-0.03954846383187412,-0.22429048392351608,-0.6044924710213535,-2243.1118512273783,89.38519812670654,-237.2450250601399,0.0,0.0,0.0,0.0,0.0,0.0
0.0,0.0,0.0,0.0,0.0,0.0,0.0,0.0,0.0,0.0,0.0,0.0,0.5830485429009951,-0.17450079809131913,-0.6044924710213535,-220.9180103836101,2058.9261016907044,-765.2874683130334,0.0,0.0,0.0,0.0,0.0,0.0
0.0,0.0,0.0,0.0,0.0,0.0,0.0,0.0,0.0,0.0,0.0,0.0,-0.23339970389132184,-1.32367549738301,-1.453656628463225,-3961.902860108385,-1338.408658396319,1447.5064237599481,0.0,0.0,0.0,0.0,0.0,0.0
0.0,0.0,0.0,0.0,0.0,0.0,0.0,0.0,0.0,0.0,0.0,0.0,1.6114579406094105,0.7677572370366332,-1.453656628463225,991.9423502513298,3062.7531909370123,-1878.1243639744869,0.0,0.0,0.0,0.0,0.0,0.0
0.0,0.0,0.0,0.0,0.0,0.0,0.0,0.0,0.0,0.0,0.0,0.0,0.12818267630239977,0.7269600817037419,-1.037113338846345,-3121.833771769636,443.06236143041787,622.489417882096,0.0,0.0,0.0,0.0,0.0,0.0
0.0,0.0,0.0,0.0,0.0,0.0,0.0,0.0,0.0,0.0,0.0,0.0,1.0765487716654736,0.13291379325530445,-1.037113338846345,-185.28182779789455,2221.9850149029894,1445.735994351805,0.0,0.0,0.0,0.0,0.0,0.0
0.0,0.0,0.0,0.0,0.0,0.0,0.0,0.0,0.0,0.0,0.0,0.0,0.020931330723298412,0.11870747539144808,-0.6229119746441959,-1842.1056890375878,-259.82221606560637,-1342.6918491714391,0.0,0.0,0.0,0.0,0.0,0.0
0.0,0.0,0.0,0.0,0.0,0.0,0.0,0.0,0.0,0.0,0.0,0.0,0.5419467126962901,-0.5136745542616582,-0.6229119746441959,324.12864373910634,2918.773700328974,393.05745600048783,0.0,0.0,0.0,0.0,0.0,0.0
0.0,0.0,0.0,0.0,0.0,0.0,0.0,0.0,0.0,0.0,0.0,0.0,-0.018041260221115542,-0.1023170710950046,-0.5796909934666469,-2013.7559316759966,52.48992250746347,-292.8706451020643,0.0,0.0,0.0,0.0,0.0,0.0
0.0,0.0,0.0,0.0,0.0,0.0,0.0,0.0,0.0,0.0,0.0,0.0,0.5563702047980364,-0.18297515507184903,-0.5796909934666469,-114.90839738512128,2073.4435202452614,-364.04594389705414,0.0,0.0,0.0,0.0,0.0,0.0
0.0,0.0,0.0,0.0,0.0,0.0,0.0,0.0,0.0,0.0,0.0,0.0,-0.02716577863068667,-0.15406478646397237,-0.7176479293160286,-2091.5545126054626,4.846622383623247,-22.233031968000702,0.0,0.0,0.0,0.0,0.0,0.0
0.0,0.0,0.0,0.0,0.0,0.0,0.0,0.0,0.0,0.0,0.0,0.0,0.7053812136948041,-0.13235405950707685,-0.7176479293160286,-81.66245471586652,2031.4593555616393,-442.7887723879894,0.0,0.0,0.0,0.0,0.0,0.0
0.0,0.0,0.0,0.0,0.0,0.0,0.0,0.0,0.0,0.0,0.0,0.0,-0.04566885893491573,-0.2590009694002731,-0.9350447897823065,-2229.373801671376,-114.62457294965253,407.53059131492876,0.0,0.0,0.0,0.0,0.0,0.0
0.0,0.0,0.0,0.0,0.0,0.0,0.0,0.0,0.0,0.0,0.0,0.0,0.9534160330370421,0.022382678879424873,-0.9350447897823065,13.675816795328467,2112.9804124787784,-571.3123665569892,0.0,0.0,0.0,0.0,0.0,0.0
0.0,0.0,0.0,0.0,0.0,0.0,0.0,0.0,0.0,0.0,0.0,0.0,0.00389085215311543,0.022066119078784106,-0.504241734709649,-1914.0175263952524,-23.104846264113554,-519.956932317925,0.0,0.0,0.0,0.0,0.0,0.0
0.0,0.0,0.0,0.0,0.0,0.0,0.0,0.0,0.0,0.0,0.0,0.0,0.47416712253305837,-0.2146770367328921,-0.504241734709649,38.42718957518762,2164.3161781521353,90.2592705130273,0.0,0.0,0.0,0.0,0.0,0.0
0.0,0.0,0.0,0.0,0.0,0.0,0.0,0.0,0.0,0.0,0.0,0.0,-0.0949969037271041,-0.538754213027499,-1.3420079314768925,-2544.0404205118857,-495.9700515495919,1216.6658416462535,0.0,0.0,0.0,0.0,0.0,0.0
0.0,0.0,0.0,0.0,0.0,0.0,0.0,0.0,0.0,0.0,0.0,0.0,1.461205383802644,0.5585918639536808,-1.3420079314768925,344.6511800594208,2759.979346797576,-828.0188937212428,0.0,0.0,0.0,0.0,0.0,0.0
0.0,0.0,0.0,0.0,0.0,0.0,0.0,0.0,0.0,0.0,0.0,0.0,0.009453589107891585,0.0536139680377217,-0.5137292444639047,-1922.2349986353247,-61.38492804280288,-579.254675553568,0.0,0.0,0.0,0.0,0.0,0.0
0.0,0.0,0.0,0.0,0.0,0.0,0.0,0.0,0.0,0.0,0.0,0.0,0.4804844930383307,-0.23348583936989728,-0.5137292444639047,97.83056669598689,2196.4057086034522,215.25255343037617,0.0,0.0,0.0,0.0,0.0,0.0
0.0,0.0,0.0,0.0,0.0,0.0,0.0,0.0,0.0,0.0,0.0,0.0,0.03387623497185705,0.19212167551299067,-0.5785150432640574,-2049.794450089162,-345.73640567174346,-1025.2620036252163,0.0,0.0,0.0,0.0,0.0,0.0
0.0,0.0,0.0,0.0,0.0,0.0,0.0,0.0,0.0,0.0,0.0,0.0,0.5190195991666395,-0.3880289384245828,-0.5785150432640574,459.4262630947061,2548.7198873648067,684.9618112246441,0.0,0.0,0.0,0.0,0.0,0.0
0.0,0.0,0.0,0.0,0.0,0.0,0.0,0.0,0.0,0.0,0.0,0.0,0.02666700690390519,0.1512361114377376,-0.5124150251836849,-2081.7530738698706,-169.60740428612593,-565.9298743065478,0.0,0.0,0.0,0.0,0.0,0.0
0.0,0.0,0.0,0.0,0.0,0.0,0.0,0.0,0.0,0.0,0.0,0.0,0.4798390297349936,-0.22957815646803573,-0.5124150251836849,272.73884988402637,2188.8932842635277,608.7490499182178,0.0,0.0,0.0,0.0,0.0,0.0
0.0,0.0,0.0,0.0,0.0,0.0,0.0,0.0,0.0,0.0,0.0,0.0,0.11313180661519295,0.6416023580772505,-0.8319387564560663,-3263.329784448153,163.383045214319,208.63340720738705,0.0,0.0,0.0,0.0,0.0,0.0
0.0,0.0,0.0,0.0,0.0,0.0,0.0,0.0,0.0,0.0,0.0,0.0,0.83413821440974,-0.060311464032076774,-0.8319387564560663,115.31551922933066,2052.645478008721,1590.6669023439988,0.0,0.0,0.0,0.0,0.0,0.0
0.0,0.0,0.0,0.0,0.0,0.0,0.0,0.0,0.0,0.0,0.0,0.0,-0.009730871037232875,-0.05518651200250314,-0.6492873113546319,-1742.0046064439969,135.8123632082946,-1573.6014066513442,0.0,0.0,0.0,0.0,0.0,0.0
0.0,0.0,0.0,0.0,0.0,0.0,0.0,0.0,0.0,0.0,0.0,0.0,0.5520766249109387,-0.6081144778154326,-0.6492873113546319,-164.1909090101668,3250.2992422623142,-175.30757406575046,0.0,0.0,0.0,0.0,0.0,0.0
0.0,0.0,0.0,0.0,0.0,0.0,0.0,0.0,0.0,0.0,0.0,0.0,0.0154973131333708,0.08788963022620876,-0.6492873113546319,-1764.896789200591,-216.29376362802543,-1573.6014066513442,0.0,0.0,0.0,0.0,0.0,0.0
0.0,0.0,0.0,0.0,0.0,0.0,0.0,0.0,0.0,0.0,0.0,0.0,0.5520766249109387,-0.6081144778154326,-0.6492873113546319,261.489225460636,3250.2992422623142,279.19354388249195,0.0,0.0,0.0,0.0,0.0,0.0
0.0,0.0,0.0,0.0,0.0,0.0,0.0,0.0,0.0,0.0,0.0,0.0,0.001921431193333802,0.010896977794400606,-0.8655551216639608,-2043.0369964607796,3.117970502995688,243.90018284981872,0.0,0.0,0.0,0.0,0.0,0.0
0.0,0.0,0.0,0.0,0.0,0.0,0.0,0.0,0.0,0.0,0.0,0.0,0.8704530576695757,-0.047948685380103745,-0.8655551216639608,1.4384605614029942,2060.502545199612,25.966653649918932,0.0,0.0,0.0,0.0,0.0,0.0
0.0,0.0,0.0,0.0,0.0,0.0,0.0,0.0,0.0,0.0,0.0,0.0,0.01109835609509418,0.06294190514975118,-0.5762141093276422,-1848.9041550448674,-112.46137217909842,-1013.9086806245233,0.0,0.0,0.0,0.0,0.0,0.0
0.0,0.0,0.0,0.0,0.0,0.0,0.0,0.0,0.0,0.0,0.0,0.0,0.5175145664122343,-0.3833138528858779,-0.5762141093276422,149.8757164783782,2537.3221022785174,225.29971674710828,0.0,0.0,0.0,0.0,0.0,0.0
0.0,0.0,0.0,0.0,0.0,0.0,0.0,0.0,0.0,0.0,0.0,0.0,0.04888338492410767,0.2772314522014665,-0.609344947530618,-2212.9264776024993,-570.3165567540152,-1234.4916399950685,0.0,0.0,0.0,0.0,0.0,0.0
0.0,0.0,0.0,0.0,0.0,0.0,0.0,0.0,0.0,0.0,0.0,0.0,0.5357795566560519,-0.47052083890572427,-0.609344947530618,724.6020919148153,2781.490519902223,938.3912191971517,0.0,0.0,0.0,0.0,0.0,0.0
0.0,0.0,0.0,0.0,0.0,0.0,0.0,0.0,0.0,0.0,0.0,0.0,0.08345716397595275,0.47330909677367505,-0.7620630313451804,-2809.0031204905144,47.26269780530205,74.94040044855407,0.0,0.0,0.0,0.0,0.0,0.0
0.0,0.0,0.0,0.0,0.0,0.0,0.0,0.0,0.0,0.0,0.0,0.0,0.7553678429123344,-0.1046421765730183,-0.7620630313451804,175.90349881924365,2033.9808776001123,1281.0279556912485,0.0,0.0,0.0,0.0,0.0,0.0
0.0,0.0,0.0,0.0,0.0,0.0,0.0,0.0,0.0,0.0,0.0,0.0,0.04400681259632848,0.24957503621688149,-0.5775903561072671,-2209.1246254693974,-445.5312206407312,-1015.426263752121,0.0,0.0,0.0,0.0,0.0,0.0
0.0,0.0,0.0,0.0,0.0,0.0,0.0,0.0,0.0,0.0,0.0,0.0,0.5186756781555096,-0.38465435029772127,-0.5775903561072671,593.5216625093839,2538.8382800123627,891.2219194735133,0.0,0.0,0.0,0.0,0.0,0.0
0.0,0.0,0.0,0.0,0.0,0.0,0.0,0.0,0.0,0.0,0.0,0.0,0.12715659993032163,0.7211409134292361,-1.1323570755987187,-2975.5459753838936,516.395787111775,798.5413542865074,0.0,0.0,0.0,0.0,0.0,0.0
0.0,0.0,0.0,0.0,0.0,0.0,0.0,0.0,0.0,0.0,0.0,0.0,1.1924567749751251,0.24177392525964692,-1.1323570755987187,-280.45775330119056,2345.150261302456,1313.534207694514,0.0,0.0,0.0,0.0,0.0,0.0
0.0,0.0,0.0,0.0,0.0,0.0,0.0,0.0,0.0,0.0,0.0,0.0,0.11603139139976995,0.6580467205504624,-1.386527025228393,-2689.956860200197,624.4894990832388,1295.8305331641734,0.0,0.0,0.0,0.0,0.0,0.0
0.0,0.0,0.0,0.0,0.0,0.0,0.0,0.0,0.0,0.0,0.0,0.0,1.5190623708460145,0.6303398996781591,-1.386527025228393,-445.0199691727805,2857.901478393507,978.8880798112453,0.0,0.0,0.0,0.0,0.0,0.0
0.0,0.0,0.0,0.0,0.0,0.0,0.0,0.0,0.0,0.0,0.0,0.0,0.07108535230165497,0.40314506614949597,-0.7317239525190972,-2627.349297869898,2.924532124015712,5.227496824221941,0.0,0.0,0.0,0.0,0.0,0.0
0.0,0.0,0.0,0.0,0.0,0.0,0.0,0.0,0.0,0.0,0.0,0.0,0.7209344270907746,-0.1252079900797506,-0.7317239525190972,194.44800859385256,2031.22945338115,1136.367298262158,0.0,0.0,0.0,0.0,0.0,0.0
0.0,0.0,0.0,0.0,0.0,0.0,0.0,0.0,0.0,0.0,0.0,0.0,-0.04088525855702587,-0.2318718235448301,-0.5836369238800755,-2276.646276788034,114.43776554291348,-283.6714382677561,0.0,0.0,0.0,0.0,0.0,0.0
0.0,0.0,0.0,0.0,0.0,0.0,0.0,0.0,0.0,0.0,0.0,0.0,0.5606163859268766,-0.18161757282644553,-0.5836369238800755,-254.9910722483296,2070.832409524589,-819.4262411276259,0.0,0.0,0.0,0.0,0.0,0.0
0.0,0.0,0.0,0.0,0.0,0.0,0.0,0.0,0.0,0.0,0.0,0.0,0.06864259497918682,0.3892915009568443,-0.8298326358423909,-2488.663513201223,94.34625770716565,198.05769749605074,0.0,0.0,0.0,0.0,0.0,0.0
0.0,0.0,0.0,0.0,0.0,0.0,0.0,0.0,0.0,0.0,0.0,0.0,0.8312762616109696,-0.06441373968437364,-0.8298326358423909,75.10642047197955,2050.5280040101284,967.5848533922278,0.0,0.0,0.0,0.0,0.0,0.0
0.0,0.0,0.0,0.0,0.0,0.0,0.0,0.0,0.0,0.0,0.0,0.0,0.043039542143500566,0.2440893728831052,-0.6537385802282863,-2262.4815321259507,-55.48546657564477,-146.34771475423128,0.0,0.0,0.0,0.0,0.0,0.0
0.0,0.0,0.0,0.0,0.0,0.0,0.0,0.0,0.0,0.0,0.0,0.0,0.6356277474151167,-0.15990635155097277,-0.6537385802282863,188.36968212704582,2041.7602521198069,770.1040475089214,0.0,0.0,0.0,0.0,0.0,0.0
0.0,0.0,0.0,0.0,0.0,0.0,0.0,0.0,0.0,0.0,0.0,0.0,0.0,0.0,0.0,0.0,0.0,0.0,0.010551936132272647,0.024844701048217618,-0.5536592952799412,-2090.8838731129317,-87.22724816442278,-389.726635632177
0.0,0.0,0.0,0.0,0.0,0.0,0.0,0.0,0.0,0.0,0.0,0.0,0.0,0.0,0.0,0.0,0.0,0.0,0.5298295743563353,-0.14825172838545994,-0.5147616778396401,126.51803438989363,2105.9923165124615,454.61963825014385
0.0,0.0,0.0,0.0,0.0,0.0,0.0,0.0,0.0,0.0,0.0,0.0,0.0,0.0,0.0,0.0,0.0,0.0,0.033573289396663805,0.26077284996915784,-0.7309799104161162,-2599.3299024656185,-550.0824258861044,-963.321028810959
0.0,0.0,0.0,0.0,0.0,0.0,0.0,0.0,0.0,0.0,0.0,0.0,0.0,0.0,0.0,0.0,0.0,0.0,0.6441411180172159,-0.37177276191331904,-0.6089993853802724,649.0793474982876,2488.0789848078216,1159.879408173839
0.0,0.0,0.0,0.0,0.0,0.0,0.0,0.0,0.0,0.0,0.0,0.0,0.0,0.0,0.0,0.0,0.0,0.0,0.061056535513755825,0.5225076652100762,-1.0556390346465159,-3181.7831465473764,468.7473437778609,634.9052662564842
0.0,0.0,0.0,0.0,0.0,0.0,0.0,0.0,0.0,0.0,0.0,0.0,0.0,0.0,0.0,0.0,0.0,0.0,0.9711079438421406,0.20953139561994383,-0.9857601850268778,-336.26168652426895,2229.670865026771,1499.6364894766193
0.0,0.0,0.0,0.0,0.0,0.0,0.0,0.0,0.0,0.0,0.0,0.0,0.0,0.0,0.0,0.0,0.0,0.0,-0.019754062295790083,-0.37960785768114325,-0.8525905546779238,-2223.7306849473994,-211.0221308405882,843.1074102075746
0.0,0.0,0.0,0.0,0.0,0.0,0.0,0.0,0.0,0.0,0.0,0.0,0.0,0.0,0.0,0.0,0.0,0.0,0.9348696515655275,0.2910295294720355,-0.9568200081587173,165.90959063230315,2381.1689863623187,-508.3949249265476
0.0,0.0,0.0,0.0,0.0,0.0,0.0,0.0,0.0,0.0,0.0,0.0,0.0,0.0,0.0,0.0,0.0,0.0,0.02614699504871277,0.19386717871219372,-0.6215994994401466,-2527.1982320302295,-240.9120884555823,-464.54700682154964
0.0,0.0,0.0,0.0,0.0,0.0,0.0,0.0,0.0,0.0,0.0,0.0,0.0,0.0,0.0,0.0,0.0,0.0,0.5647590046612592,-0.17945029517336888,-0.5468159520772539,331.8034545079175,2137.4597089639215,1053.379919531738
0.0,0.0,0.0,0.0,0.0,0.0,0.0,0.0,0.0,0.0,0.0,0.0,0.0,0.0,0.0,0.0,0.0,0.0,0.10176246164047485,0.9696978966116321,-1.1988853274632092,-4774.652932368229,782.7952409703023,678.6713378603364
0.0,0.0,0.0,0.0,0.0,0.0,0.0,0.0,0.0,0.0,0.0,0.0,0.0,0.0,0.0,0.0,0.0,0.0,1.0379115349106347,0.24493346351364234,-1.0554151496075315,-575.62349888989,2257.9741511927523,2342.8515829114694
0.0,0.0,0.0,0.0,0.0,0.0,0.0,0.0,0.0,0.0,0.0,0.0,0.0,0.0,0.0,0.0,0.0,0.0,0.022980293880411992,0.1473326837457244,-0.6770678122897528,-2357.803460347158,-37.02927607755459,-90.04871617751058
0.0,0.0,0.0,0.0,0.0,0.0,0.0,0.0,0.0,0.0,0.0,0.0,0.0,0.0,0.0,0.0,0.0,0.0,0.6362801533418975,-0.08292250788548106,-0.6265390350378565,109.68642975058877,2035.208077300109,835.2640795997312
0.0,0.0,0.0,0.0,0.0,0.0,0.0,0.0,0.0,0.0,0.0,0.0,0.0,0.0,0.0,0.0,0.0,0.0,0.039687655253431396,0.3183159780240324,-0.8071028106253618,-2800.274916579261,68.27901216446531,110.89317072629504
0.0,0.0,0.0,0.0,0.0,0.0,0.0,0.0,0.0,0.0,0.0,0.0,0.0,0.0,0.0,0.0,0.0,0.0,0.740270863287505,-0.023866672294211622,-0.7353150224898009,40.982829819378594,2037.27015441476,1250.6579175643578
0.0,0.0,0.0,0.0,0.0,0.0,0.0,0.0,0.0,0.0,0.0,0.0,0.0,0.0,0.0,0.0,0.0,0.0,-0.010275556578592953,-0.23850636673873463,-0.6762683694787914,-2104.2160479208223,-46.89629229350929,281.38483067561486
0.0,0.0,0.0,0.0,0.0,0.0,0.0,0.0,0.0,0.0,0.0,0.0,0.0,0.0,0.0,0.0,0.0,0.0,0.7132596851306797,0.035423481738802554,-0.7136157487356958,17.21322328487486,2070.1963068380437,-338.5274857160506
0.0,0.0,0.0,0.0,0.0,0.0,0.0,0.0,0.0,0.0,0.0,0.0,0.0,0.0,0.0,0.0,0.0,0.0,0.021482285521908943,0.11170055673413223,-0.7805441705855078,-2109.784855308759,-500.71836840180566,-1522.1540535296374
0.0,0.0,0.0,0.0,0.0,0.0,0.0,0.0,0.0,0.0,0.0,0.0,0.0,0.0,0.0,0.0,0.0,0.0,0.6974998716587645,-0.6151809975059719,-0.6407730275288341,557.048379704375,3171.8888593496235,668.1762329070583
0.0,0.0,0.0,0.0,0.0,0.0,0.0,0.0,0.0,0.0,0.0,0.0,0.0,0.0,0.0,0.0,0.0,0.0,-0.018531164308294237,-0.32824037238553966,-0.6417659419137679,-2240.525298967605,-86.21330630145195,279.3803852786034
0.0,0.0,0.0,0.0,0.0,0.0,0.0,0.0,0.0,0.0,0.0,0.0,0.0,0.0,0.0,0.0,0.0,0.0,0.6946522069377055,0.03383524333875305,-0.694940651344713,31.25532601111852,2069.6429322801814,-626.8079521680768
0.0,0.0,0.0,0.0,0.0,0.0,0.0,0.0,0.0,0.0,0.0,0.0,0.0,0.0,0.0,0.0,0.0,0.0,0.02699841628714555,0.17965398820309653,-0.7582496492671207,-2411.9016034849205,45.527837556619545,105.16342964929697
0.0,0.0,0.0,0.0,0.0,0.0,0.0,0.0,0.0,0.0,0.0,0.0,0.0,0.0,0.0,0.0,0.0,0.0,0.716039476128363,-0.025071292416107532,-0.7110714345891246,31.286980743158903,2036.6606927040762,879.3634098735866
0.0,0.0,0.0,0.0,0.0,0.0,0.0,0.0,0.0,0.0,0.0,0.0,0.0,0.0,0.0,0.0,0.0,0.0,-0.013615715269245538,-0.29145675425399226,-0.7567055143081249,-2147.516075168324,-103.72866994095429,528.4080431567746
0.0,0.0,0.0,0.0,0.0,0.0,0.0,0.0,0.0,0.0,0.0,0.0,0.0,0.0,0.0,0.0,0.0,0.0,0.8108357041192192,0.1348000323194999,-0.8195432669395036,68.5818147463308,2168.6780227847617,-398.7360464539209
0.0,0.0,0.0,0.0,0.0,0.0,0.0,0.0,0.0,0.0,0.0,0.0,0.0,0.0,0.0,0.0,0.0,0.0,0.014238269504362806,0.06316744235481475,-0.5789659270685912,-2156.535512528494,-132.90059271601922,-454.9187417009132
0.0,0.0,0.0,0.0,0.0,0.0,0.0,0.0,0.0,0.0,0.0,0.0,0.0,0.0,0.0,0.0,0.0,0.0,0.5461578380434704,-0.17086593618619397,-0.5290406197904018,184.11328072639338,2133.1013049359312,593.4022619620721
0.0,0.0,0.0,0.0,0.0,0.0,0.0,0.0,0.0,0.0,0.0,0.0,0.0,0.0,0.0,0.0,0.0,0.0,0.016654392367536016,0.07595632934542217,-0.6654731155519227,-2124.036909593863,-268.4149335911437,-902.0408527353749
0.0,0.0,0.0,0.0,0.0,0.0,0.0,0.0,0.0,0.0,0.0,0.0,0.0,0.0,0.0,0.0,0.0,0.0,0.6148744753550337,-0.33489972700526227,-0.5830844229984335,320.0719348625187,2431.8024959726404,604.4168688102778
0.0,0.0,0.0,0.0,0.0,0.0,0.0,0.0,0.0,0.0,0.0,0.0,0.0,0.0,0.0,0.0,0.0,0.0,0.047439084327987574,0.40590422282902294,-0.8205878769134028,-3017.8828550799017,-909.179486344398,-1232.1168563221627
0.0,0.0,0.0,0.0,0.0,0.0,0.0,0.0,0.0,0.0,0.0,0.0,0.0,0.0,0.0,0.0,0.0,0.0,0.6958325602082572,-0.5022817683009689,-0.6490283033578081,1036.3518652121793,2778.6066997745243,1498.8350415454856
0.0,0.0,0.0,0.0,0.0,0.0,0.0,0.0,0.0,0.0,0.0,0.0,0.0,0.0,0.0,0.0,0.0,0.0,0.0028699076416618683,-0.05948842779221512,-0.5262817069572637,-1997.8962821999278,-23.901641604825144,-383.7040820900436
0.0,0.0,0.0,0.0,0.0,0.0,0.0,0.0,0.0,0.0,0.0,0.0,0.0,0.0,0.0,0.0,0.0,0.0,0.5179016584459559,-0.143338290765284,-0.5033113944416217,34.83835016666029,2103.6990951570697,126.5282260994899
0.0,0.0,0.0,0.0,0.0,0.0,0.0,0.0,0.0,0.0,0.0,0.0,0.0,0.0,0.0,0.0,0.0,0.0,-0.0103560590167874,-0.220208204085672,-0.5671954164530141,-2103.517940726763,0.40231018430941934,-2.020709330956162
0.0,0.0,0.0,0.0,0.0,0.0,0.0,0.0,0.0,0.0,0.0,0.0,0.0,0.0,0.0,0.0,0.0,0.0,0.5944943803364414,-0.051808290472223455,-0.5876474948574972,-35.6467354541557,2031.2180102570082,-404.40199429664244
0.0,0.0,0.0,0.0,0.0,0.0,0.0,0.0,0.0,0.0,0.0,0.0,0.0,0.0,0.0,0.0,0.0,0.0,0.03244870741328582,0.23083604429033402,-0.8267365585282882,-2357.584713293483,-739.3500465256045,-1537.2392575521708
0.0,0.0,0.0,0.0,0.0,0.0,0.0,0.0,0.0,0.0,0.0,0.0,0.0,0.0,0.0,0.0,0.0,0.0,0.7200874455374089,-0.6411847641757891,-0.6609893894453501,821.6819110642728,3194.61001371373,976.9329248687786
0.0,0.0,0.0,0.0,0.0,0.0,0.0,0.0,0.0,0.0,0.0,0.0,0.0,0.0,0.0,0.0,0.0,0.0,0.04203615854382719,0.3538391583736362,-0.760226488127334,-2935.102932697831,-684.7856833396846,-975.7350965316974
0.0,0.0,0.0,0.0,0.0,0.0,0.0,0.0,0.0,0.0,0.0,0.0,0.0,0.0,0.0,0.0,0.0,0.0,0.6558458836107836,-0.38286014391056866,-0.6196851115945604,806.4237062240815,2499.929804245202,1425.5381829706625
0.0,0.0,0.0,0.0,0.0,0.0,0.0,0.0,0.0,0.0,0.0,0.0,0.0,0.0,0.0,0.0,0.0,0.0,-0.0004540535069783195,-0.0987776141180053,-0.5303085014291101,-1982.5807275789107,4.5539221234959895,-471.508058535456
0.0,0.0,0.0,0.0,0.0,0.0,0.0,0.0,0.0,0.0,0.0,0.0,0.0,0.0,0.0,0.0,0.0,0.0,0.5264388943194557,-0.16913894824407297,-0.509549532758652,-6.246406004974461,2140.6676039967565,-19.617903262842553
0.0,0.0,0.0,0.0,0.0,0.0,0.0,0.0,0.0,0.0,0.0,0.0,0.0,0.0,0.0,0.0,0.0,0.0,0.07393790548775303,0.6757430311511918,-1.0344891214725895,-3855.111942177795,426.123577250165,452.7902767008444
0.0,0.0,0.0,0.0,0.0,0.0,0.0,0.0,0.0,0.0,0.0,0.0,0.0,0.0,0.0,0.0,0.0,0.0,0.9155145100814509,0.11976619728706753,-0.9224972605346646,-257.89606696778344,2132.15013732209,1911.5892558347362
0.0,0.0,0.0,0.0,0.0,0.0,0.0,0.0,0.0,0.0,0.0,0.0,0.0,0.0,0.0,0.0,0.0,0.0,0.007478752715406203,-0.011420148414108934,-0.557041177712845,-2050.6538436301867,-39.31730647043501,-252.26469669894396
0.0,0.0,0.0,0.0,0.0,0.0,0.0,0.0,0.0,0.0,0.0,0.0,0.0,0.0,0.0,0.0,0.0,0.0,0.5425071093469522,-0.11433697987311035,-0.5303690355132493,66.75945186345601,2062.5457439566303,316.5799377586281
0.0,0.0,0.0,0.0,0.0,0.0,0.0,0.0,0.0,0.0,0.0,0.0,0.0,0.0,0.0,0.0,0.0,0.0,0.0325838746582056,0.22791955984184795,-0.8521738837844987,-2494.004985708533,151.38558838829883,323.80053086177435
0.0,0.0,0.0,0.0,0.0,0.0,0.0,0.0,0.0,0.0,0.0,0.0,0.0,0.0,0.0,0.0,0.0,0.0,0.8077168034617003,0.05642430532956448,-0.8095525302276718,-68.04216223552044,2082.8337421733418,949.6489350568514
0.0,0.0,0.0,0.0,0.0,0.0,0.0,0.0,0.0,0.0,0.0,0.0,0.0,0.0,0.0,0.0,0.0,0.0,0.08051755518023777,0.7367617391434536,-1.1215274285394836,-3890.6478051847357,610.4680574703777,645.3028117243742
0.0,0.0,0.0,0.0,0.0,0.0,0.0,0.0,0.0,0.0,0.0,0.0,0.0,0.0,0.0,0.0,0.0,0.0,0.9998749989288154,0.22054849441454294,-1.015383768077024,-440.6694568844741,2236.2240930927,1921.5668416340093
0.0,0.0,0.0,0.0,0.0,0.0,0.0,0.0,0.0,0.0,0.0,0.0,0.0,0.0,0.0,0.0,0.0,0.0,-0.0030393125993635247,-0.12411028881346567,-0.5038076060016133,-1999.918602070932,25.310466481799512,-375.7537145887549
0.0,0.0,0.0,0.0,0.0,0.0,0.0,0.0,0.0,0.0,0.0,0.0,0.0,0.0,0.0,0.0,0.0,0.0,0.5073882284861311,-0.13839166945831538,-0.4932730475704229,-37.13889430893647,2100.7265070200547,-136.82106786771786
0.0,0.0,0.0,0.0,0.0,0.0,0.0,0.0,0.0,0.0,0.0,0.0,0.0,0.0,0.0,0.0,0.0,0.0,-0.00042425165591246746,-0.1077709134217663,-0.5832736849368002,-2016.4863532383745,0.6720044035429026,-81.88267716863426
0.0,0.0,0.0,0.0,0.0,0.0,0.0,0.0,0.0,0.0,0.0,0.0,0.0,0.0,0.0,0.0,0.0,0.0,0.5887857316789252,-0.07436639759415926,-0.5799795781238236,-2.122335443957896,2034.516866486037,-16.670022814910112
0.0,0.0,0.0,0.0,0.0,0.0,0.0,0.0,0.0,0.0,0.0,0.0,0.0,0.0,0.0,0.0,0.0,0.0,0.029473179207660273,0.2234743696562446,-0.6726283546681483,-2557.5770989996126,-379.2140178682583,-699.2976854954039
0.0,0.0,0.0,0.0,0.0,0.0,0.0,0.0,0.0,0.0,0.0,0.0,0.0,0.0,0.0,0.0,0.0,0.0,0.6025191119534289,-0.2641501454443448,-0.57699085271956,473.77169614037354,2271.9669850942637,1101.4845272548155
0.0,0.0,0.0,0.0,0.0,0.0,0.0,0.0,0.0,0.0,0.0,0.0,0.0,0.0,0.0,0.0,0.0,0.0,-0.0026647598922456108,-0.1558853531651694,-0.70866715152907,-2051.9610818945494,-12.036963455304369,285.41380151415564
0.0,0.0,0.0,0.0,0.0,0.0,0.0,0.0,0.0,0.0,0.0,0.0,0.0,0.0,0.0,0.0,0.0,0.0,0.7310897878971003,0.03771353754003096,-0.7315781155294144,4.525054249083658,2071.320566966173,-85.6639469854671
0.0,0.0,0.0,0.0,0.0,0.0,0.0,0.0,0.0,0.0,0.0,0.0,0.0,0.0,0.0,0.0,0.0,0.0,0.06304258068702026,0.5611956088261412,-0.9669563497946283,-3502.435226287675,291.96287197327,345.03412365647466
0.0,0.0,0.0,0.0,0.0,0.0,0.0,0.0,0.0,0.0,0.0,0.0,0.0,0.0,0.0,0.0,0.0,0.0,0.8642180395567969,0.06908356707567223,-0.8669473943001581,-141.04983614862599,2089.825496226591,1718.7855238008415
0.0,0.0,0.0,0.0,0.0,0.0,0.0,0.0,0.0,0.0,0.0,0.0,0.0,0.0,0.0,0.0,0.0,0.0,0.02478868928568183,0.15434054896765415,-0.7563583309043265,-2229.593710045754,-506.045738667511,-1277.6059891427396
0.0,0.0,0.0,0.0,0.0,0.0,0.0,0.0,0.0,0.0,0.0,0.0,0.0,0.0,0.0,0.0,0.0,0.0,0.6759699211869815,-0.5047323185338536,-0.629027155258647,574.2405731392435,2834.812005296038,804.5424096696423
0.0,0.0,0.0,0.0,0.0,0.0,0.0,0.0,0.0,0.0,0.0,0.0,0.0,0.0,0.0,0.0,0.0,0.0,-0.011259786124167616,-0.22646104858370156,-0.5431709871685233,-2120.643892086683,13.57963848691004,-60.360134605112925
0.0,0.0,0.0,0.0,0.0,0.0,0.0,0.0,0.0,0.0,0.0,0.0,0.0,0.0,0.0,0.0,0.0,0.0,0.570571120015585,-0.06602944548276649,-0.5625675773707423,-53.356113122060144,2033.0096772108661,-456.9767637080653
