,0,1,2,3,4,5,6,7,8,9,10,11,12,13,14,15,16,17,18,19,20,21,22,23
0,-0.0014544987279141695,0.0011778003547095713,0.00015482109099909468,1.5898412938998452,7.759601744788742,-1.4302121273206763,0.0,0.0,0.0,0.0,0.0,0.0,0.0,0.0,0.0,0.0,0.0,0.0,0.0,0.0,0.0,0.0,0.0,0.0
1,-0.0002694812008636974,-0.00028772692723932116,-0.0017696131676902267,-6.051343831407217,0.14749986236402174,-2.4036653617663823,0.0,0.0,0.0,0.0,0.0,0.0,0.0,0.0,0.0,0.0,0.0,0.0,0.0,0.0,0.0,0.0,0.0,0.0
2,-0.001465317666729869,0.0017202310335577835,0.00017194163343497456,1.6976505054329865,9.15910282251999,-1.0792379054876475,0.0,0.0,0.0,0.0,0.0,0.0,0.0,0.0,0.0,0.0,0.0,0.0,0.0,0.0,0.0,0.0,0.0,0.0
3,-0.00026548739638044644,-0.00022669692229666797,-0.001965301863183979,-5.410577758754825,0.017425735330955112,-3.9617744917999516,0.0,0.0,0.0,0.0,0.0,0.0,0.0,0.0,0.0,0.0,0.0,0.0,0.0,0.0,0.0,0.0,0.0,0.0
4,-0.003094797009824012,0.0011811640868522495,0.00028977468654610514,0.5944794142328722,6.982623174492491,-0.057262741740880925,0.0,0.0,0.0,0.0,0.0,0.0,0.0,0.0,0.0,0.0,0.0,0.0,0.0,0.0,0.0,0.0,0.0,0.0
5,-0.000281591217101319,7.35789930767635e-05,-0.003312139823238257,-6.523443871917831,0.6099189424971713,-0.1084379889065733,0.0,0.0,0.0,0.0,0.0,0.0,0.0,0.0,0.0,0.0,0.0,0.0,0.0,0.0,0.0,0.0,0.0,0.0
6,-0.001461128932494717,0.0016366562049535298,0.00016909646731959343,2.6287834050139334,8.87546294762328,-2.242721644622843,0.0,0.0,0.0,0.0,0.0,0.0,0.0,0.0,0.0,0.0,0.0,0.0,0.0,0.0,0.0,0.0,0.0,0.0
7,-0.00037126734041174973,-0.000525643639161194,-0.0019327814656751282,-6.047654263612881,-0.5222382025849753,-3.749948718354094,0.0,0.0,0.0,0.0,0.0,0.0,0.0,0.0,0.0,0.0,0.0,0.0,0.0,0.0,0.0,0.0,0.0,0.0
8,-0.001408403203504191,0.002228290849031006,0.00018246517143907838,1.1272490108566298,11.107507786014587,-0.2003638476439526,0.0,0.0,0.0,0.0,0.0,0.0,0.0,0.0,0.0,0.0,0.0,0.0,0.0,0.0,0.0,0.0,0.0,0.0
9,-0.0001919340963536221,6.157875375085384e-06,-0.002085586452980983,-4.732310728146804,0.45755085630427567,-5.396495513348627,0.0,0.0,0.0,0.0,0.0,0.0,0.0,0.0,0.0,0.0,0.0,0.0,0.0,0.0,0.0,0.0,0.0,0.0
10,-0.006220687404982517,0.00022528236809280452,0.0005181590601357917,0.8021074371687267,7.823371931787077,-4.1781772148772305,0.0,0.0,0.0,0.0,0.0,0.0,0.0,0.0,0.0,0.0,0.0,0.0,0.0,0.0,0.0,0.0,0.0,0.0
11,-0.0016992669680239252,-0.003153701884261457,-0.0059225851585017605,-9.554131286197606,2.169214864616712,2.258301430943346,0.0,0.0,0.0,0.0,0.0,0.0,0.0,0.0,0.0,0.0,0.0,0.0,0.0,0.0,0.0,0.0,0.0,0.0
12,-0.0034573552266954424,0.0011919088505359492,0.0003199030007036252,1.3716747264883784,6.986677515823601,-2.445884267933202,0.0,0.0,0.0,0.0,0.0,0.0,0.0,0.0,0.0,0.0,0.0,0.0,0.0,0.0,0.0,0.0,0.0,0.0
13,-0.0007387724685258328,-0.0010944268743068417,-0.0036565080298527363,-7.3965433183980664,0.7266252904533589,0.11924364987467378,0.0,0.0,0.0,0.0,0.0,0.0,0.0,0.0,0.0,0.0,0.0,0.0,0.0,0.0,0.0,0.0,0.0,0.0
14,-0.0023789367343705504,0.0012003147927142645,0.00023149510273066267,1.3543462524721595,7.061176161894047,-1.7058476170509147,0.0,0.0,0.0,0.0,0.0,0.0,0.0,0.0,0.0,0.0,0.0,0.0,0.0,0.0,0.0,0.0,0.0,0.0
15,-0.0004386717998733412,-0.0005283944647234044,-0.002646001132044586,-6.681673815821161,0.44587646658290464,-0.8291819488229646,0.0,0.0,0.0,0.0,0.0,0.0,0.0,0.0,0.0,0.0,0.0,0.0,0.0,0.0,0.0,0.0,0.0,0.0
16,-0.0017999954196688767,0.0010861620119439642,0.00018048313740549304,1.2729942116045383,7.226102015290853,-1.2894603103748823,0.0,0.0,0.0,0.0,0.0,0.0,0.0,0.0,0.0,0.0,0.0,0.0,0.0,0.0,0.0,0.0,0.0,0.0
17,-0.0002999228771020496,-0.00029633394111432533,-0.0020629317003112487,-6.334010357100856,0.3801983312610682,-1.3706136602537151,0.0,0.0,0.0,0.0,0.0,0.0,0.0,0.0,0.0,0.0,0.0,0.0,0.0,0.0,0.0,0.0,0.0,0.0
18,-0.002668427575645614,0.0009880302246545337,0.0002489426877158588,-1.0508583636754303,6.983496701863294,4.679804596168733,0.0,0.0,0.0,0.0,0.0,0.0,0.0,0.0,0.0,0.0,0.0,0.0,0.0,0.0,0.0,0.0,0.0,0.0
19,0.00041846079997352,0.001877571324586217,-0.002845427940982251,-9.470222553492151,0.9089116045016432,-0.038736378717808176,0.0,0.0,0.0,0.0,0.0,0.0,0.0,0.0,0.0,0.0,0.0,0.0,0.0,0.0,0.0,0.0,0.0,0.0
20,-0.00421273175821763,0.0006469865804617723,0.000365698710627689,-0.26870698257932896,7.160256326941958,5.539164417003365,0.0,0.0,0.0,0.0,0.0,0.0,0.0,0.0,0.0,0.0,0.0,0.0,0.0,0.0,0.0,0.0,0.0,0.0
21,0.0007907084475584872,0.0032416851043061677,-0.004179955389526872,-11.224491485180138,-0.10295217584961848,1.3909941942143806,0.0,0.0,0.0,0.0,0.0,0.0,0.0,0.0,0.0,0.0,0.0,0.0,0.0,0.0,0.0,0.0,0.0,0.0
22,-0.0044631323784695,0.0010575285534721315,0.0003985693598241353,1.66139307204205,7.1228184950881674,-4.634416666843032,0.0,0.0,0.0,0.0,0.0,0.0,0.0,0.0,0.0,0.0,0.0,0.0,0.0,0.0,0.0,0.0,0.0,0.0
23,-0.0014089111240790531,-0.0027056126514016362,-0.0045556686290679745,-9.664107646596296,1.4157050644809819,0.816345431069329,0.0,0.0,0.0,0.0,0.0,0.0,0.0,0.0,0.0,0.0,0.0,0.0,0.0,0.0,0.0,0.0,0.0,0.0
24,-0.0034672601925415892,0.0012476291119706898,0.00032238462321640773,1.8508268705415973,6.9823197735575455,-3.771009383136688,0.0,0.0,0.0,0.0,0.0,0.0,0.0,0.0,0.0,0.0,0.0,0.0,0.0,0.0,0.0,0.0,0.0,0.0
25,-0.0009837312548969656,-0.0017601898297361209,-0.003684873104969551,-8.467267616491958,0.8013188401354434,0.025547387268316523,0.0,0.0,0.0,0.0,0.0,0.0,0.0,0.0,0.0,0.0,0.0,0.0,0.0,0.0,0.0,0.0,0.0,0.0
26,-0.0023626040402481693,0.001226694220330623,0.00023094170049219428,1.8222000216021461,7.068862676573342,-2.6705705705390277,0.0,0.0,0.0,0.0,0.0,0.0,0.0,0.0,0.0,0.0,0.0,0.0,0.0,0.0,0.0,0.0,0.0,0.0
27,-0.0005623860249008439,-0.0008699145443516899,-0.002639675715514427,-7.2294340046632435,0.35341944897389044,-0.9114993801739109,0.0,0.0,0.0,0.0,0.0,0.0,0.0,0.0,0.0,0.0,0.0,0.0,0.0,0.0,0.0,0.0,0.0,0.0
28,-0.002988475959714029,0.0009739877201546704,0.0002748344577238012,-0.9001409889626982,6.975008777134073,4.752670858964077,0.0,0.0,0.0,0.0,0.0,0.0,0.0,0.0,0.0,0.0,0.0,0.0,0.0,0.0,0.0,0.0,0.0,0.0
29,0.00047319808645613335,0.0021036632542766488,-0.0031413722263840997,-9.67182332383789,0.7312313848491757,0.23749553229669076,0.0,0.0,0.0,0.0,0.0,0.0,0.0,0.0,0.0,0.0,0.0,0.0,0.0,0.0,0.0,0.0,0.0,0.0
30,-0.004820208413409934,0.0004584980507507697,0.00041000073504752295,0.10565826550288251,7.334156449729424,5.082933687723198,0.0,0.0,0.0,0.0,0.0,0.0,0.0,0.0,0.0,0.0,0.0,0.0,0.0,0.0,0.0,0.0,0.0,0.0
31,0.0007817487010427951,0.0033465988570051093,-0.004686329845763784,-10.739533170075585,-0.3786973737529386,1.8140476357884443,0.0,0.0,0.0,0.0,0.0,0.0,0.0,0.0,0.0,0.0,0.0,0.0,0.0,0.0,0.0,0.0,0.0,0.0
32,-0.0029823744186261224,0.001022286588571941,0.000275778076569728,-0.5722174389595072,6.977708187950337,3.533225656244985,0.0,0.0,0.0,0.0,0.0,0.0,0.0,0.0,0.0,0.0,0.0,0.0,0.0,0.0,0.0,0.0,0.0,0.0
33,0.00028650014311625265,0.0015934738276255054,-0.0031521578391469148,-8.278066255951002,0.6999505052709466,0.13154541341076564,0.0,0.0,0.0,0.0,0.0,0.0,0.0,0.0,0.0,0.0,0.0,0.0,0.0,0.0,0.0,0.0,0.0,0.0
34,-0.0024618181052269462,0.001088312587620227,0.00023495755428442857,-0.16743485740572595,7.023126529734485,1.8379649969022462,0.0,0.0,0.0,0.0,0.0,0.0,0.0,0.0,0.0,0.0,0.0,0.0,0.0,0.0,0.0,0.0,0.0,0.0
35,2.104041927032474e-05,0.000744778007909445,-0.002685577134399907,-6.840551365838852,0.7754955220278879,-0.4696895886232673,0.0,0.0,0.0,0.0,0.0,0.0,0.0,0.0,0.0,0.0,0.0,0.0,0.0,0.0,0.0,0.0,0.0,0.0
36,-0.0015083586050832162,0.0010348195733294984,0.00015497064602705785,-0.662812188347083,7.490194983783922,2.1886058214821733,0.0,0.0,0.0,0.0,0.0,0.0,0.0,0.0,0.0,0.0,0.0,0.0,0.0,0.0,0.0,0.0,0.0,0.0
37,4.4306932086442086e-05,0.0005748361521828373,-0.0017713225894819865,-6.538497183443228,1.2301197922389175,-1.7992218133364695,0.0,0.0,0.0,0.0,0.0,0.0,0.0,0.0,0.0,0.0,0.0,0.0,0.0,0.0,0.0,0.0,0.0,0.0
38,-0.0014957725650035648,0.001542798202906793,0.00016913610305366506,-1.2827175176681878,8.718156933057548,2.5054620192812753,0.0,0.0,0.0,0.0,0.0,0.0,0.0,0.0,0.0,0.0,0.0,0.0,0.0,0.0,0.0,0.0,0.0,0.0
39,7.836781017120466e-05,0.0007098346711922346,-0.0019332345041886256,-6.1406797486926,1.8954629907243734,-3.38779590521051,0.0,0.0,0.0,0.0,0.0,0.0,0.0,0.0,0.0,0.0,0.0,0.0,0.0,0.0,0.0,0.0,0.0,0.0
40,-0.001496256435507469,0.0010759313286419015,0.000155205879333719,0.11640238856708078,7.550142309986182,0.831519181571685,0.0,0.0,0.0,0.0,0.0,0.0,0.0,0.0,0.0,0.0,0.0,0.0,0.0,0.0,0.0,0.0,0.0,0.0
41,-7.357534385216244e-05,0.0002516450370646832,-0.001774011318480475,-5.96128646021028,0.8516132920482928,-1.9648082111041396,0.0,0.0,0.0,0.0,0.0,0.0,0.0,0.0,0.0,0.0,0.0,0.0,0.0,0.0,0.0,0.0,0.0,0.0
42,-0.0014820853067279156,0.0015622811382948116,0.00016859382563599252,-0.06472140819301554,8.74643238652081,0.96678250130457,0.0,0.0,0.0,0.0,0.0,0.0,0.0,0.0,0.0,0.0,0.0,0.0,0.0,0.0,0.0,0.0,0.0,0.0
43,-6.715156775663127e-05,0.0003084379531425221,-0.0019270362449420222,-5.454629957980654,1.1009312831599867,-3.481975412233387,0.0,0.0,0.0,0.0,0.0,0.0,0.0,0.0,0.0,0.0,0.0,0.0,0.0,0.0,0.0,0.0,0.0,0.0
44,-0.0014904647324446903,0.0010183923245283431,0.00015300799620963722,0.38854856125619097,7.442545238620739,0.3835106514404244,0.0,0.0,0.0,0.0,0.0,0.0,0.0,0.0,0.0,0.0,0.0,0.0,0.0,0.0,0.0,0.0,0.0,0.0
45,-0.000110920146644847,0.00014261485430856185,-0.0017488893994168635,-5.961123495424307,0.7099123431096823,-1.7851120205058064,0.0,0.0,0.0,0.0,0.0,0.0,0.0,0.0,0.0,0.0,0.0,0.0,0.0,0.0,0.0,0.0,0.0,0.0
46,-0.001473881463053504,0.0011945112976285636,0.00015691463279921052,1.6003789540380173,7.761326535941697,-1.4448822668414802,0.0,0.0,0.0,0.0,0.0,0.0,0.0,0.0,0.0,0.0,0.0,0.0,0.0,0.0,0.0,0.0,0.0,0.0
47,-0.00027441428937308474,-0.00029515936979992985,-0.0017935424599635676,-6.056333958579205,0.14234436373114814,-2.4069141804534295,0.0,0.0,0.0,0.0,0.0,0.0,0.0,0.0,0.0,0.0,0.0,0.0,0.0,0.0,0.0,0.0,0.0,0.0
48,-0.0014293090647530104,0.0020167154224523484,0.0001778529463346319,2.7608347476610713,10.1797393787423,-1.9393433283940404,0.0,0.0,0.0,0.0,0.0,0.0,0.0,0.0,0.0,0.0,0.0,0.0,0.0,0.0,0.0,0.0,0.0,0.0
49,-0.00036027777929640946,-0.0004698478362729747,-0.0020328684788050505,-5.520229459816309,-0.673815752239185,-4.829138142663921,0.0,0.0,0.0,0.0,0.0,0.0,0.0,0.0,0.0,0.0,0.0,0.0,0.0,0.0,0.0,0.0,0.0,0.0
50,-0.0014613118866099212,0.0019338214021670126,0.00017800354851901716,-0.6879755514329996,9.974845206305123,1.5866132656256915,0.0,0.0,0.0,0.0,0.0,0.0,0.0,0.0,0.0,0.0,0.0,0.0,0.0,0.0,0.0,0.0,0.0,0.0
51,-9.114608960118608e-06,0.0004954053760994617,-0.002034589869649484,-5.266471934546075,1.6615998376385293,-4.520225277680363,0.0,0.0,0.0,0.0,0.0,0.0,0.0,0.0,0.0,0.0,0.0,0.0,0.0,0.0,0.0,0.0,0.0,0.0
52,-0.0015052383418466299,0.0012737825445506366,0.0001618645831011004,-0.9517747486809305,7.997652433232131,2.3374199095477266,0.0,0.0,0.0,0.0,0.0,0.0,0.0,0.0,0.0,0.0,0.0,0.0,0.0,0.0,0.0,0.0,0.0,0.0
53,5.9766839707771066e-05,0.0006374684228308261,-0.0018501206508102382,-6.339218018927209,1.5339754004849604,-2.5739156597238444,0.0,0.0,0.0,0.0,0.0,0.0,0.0,0.0,0.0,0.0,0.0,0.0,0.0,0.0,0.0,0.0,0.0,0.0
54,-0.0014472670864533474,0.0021842771745550697,0.0001843432504015582,-1.2425410323325872,10.899110025198471,2.0629748832171684,0.0,0.0,0.0,0.0,0.0,0.0,0.0,0.0,0.0,0.0,0.0,0.0,0.0,0.0,0.0,0.0,0.0,0.0
55,3.97357808407686e-05,0.0006481567672688514,-0.002107052993750843,-5.239141381277707,2.177079500904922,-5.160446311644557,0.0,0.0,0.0,0.0,0.0,0.0,0.0,0.0,0.0,0.0,0.0,0.0,0.0,0.0,0.0,0.0,0.0,0.0
56,-0.001467387927485525,0.001627470806293777,0.0001693361810118592,1.311959317055377,8.901454511403585,-0.6899605498572892,0.0,0.0,0.0,0.0,0.0,0.0,0.0,0.0,0.0,0.0,0.0,0.0,0.0,0.0,0.0,0.0,0.0,0.0
57,-0.00022455058096961146,-0.00012184177959013716,-0.0019355214057154143,-5.386041591104261,0.25320717669192166,-3.705787310644872,0.0,0.0,0.0,0.0,0.0,0.0,0.0,0.0,0.0,0.0,0.0,0.0,0.0,0.0,0.0,0.0,0.0,0.0
58,-0.0014841358715234282,0.0010530143068409662,0.00015352367464145574,1.0220973352834608,7.487372702340252,-0.6774773761893822,0.0,0.0,0.0,0.0,0.0,0.0,0.0,0.0,0.0,0.0,0.0,0.0,0.0,0.0,0.0,0.0,0.0,0.0
59,-0.00020250898812390963,-0.00010751567666115143,-0.0017547836308639553,-5.980806382133335,0.43183106207030736,-1.9171569021209824,0.0,0.0,0.0,0.0,0.0,0.0,0.0,0.0,0.0,0.0,0.0,0.0,0.0,0.0,0.0,0.0,0.0,0.0
60,-0.0014793568087645968,0.0011708619864915788,0.00015665711876990481,1.36745173425562,7.711829615201125,-1.1216547535122299,0.0,0.0,0.0,0.0,0.0,0.0,0.0,0.0,0.0,0.0,0.0,0.0,0.0,0.0,0.0,0.0,0.0,0.0
61,-0.0002456083399140824,-0.00021676859476735792,-0.0017905990611399086,-5.966020903835965,0.25697081396541577,-2.3169282637161475,0.0,0.0,0.0,0.0,0.0,0.0,0.0,0.0,0.0,0.0,0.0,0.0,0.0,0.0,0.0,0.0,0.0,0.0
62,-0.0014120544382937037,0.0022951816963820712,0.00018476691555098347,2.5480273346384275,11.23003667738067,-1.495028649902508,0.0,0.0,0.0,0.0,0.0,0.0,0.0,0.0,0.0,0.0,0.0,0.0,0.0,0.0,0.0,0.0,0.0,0.0
63,-0.00032831124237351017,-0.0003618054042817854,-0.0021118955085676315,-5.06290117415642,-0.537347241022841,-5.532918361382229,0.0,0.0,0.0,0.0,0.0,0.0,0.0,0.0,0.0,0.0,0.0,0.0,0.0,0.0,0.0,0.0,0.0,0.0
64,-0.0014776793927778942,0.0010773693129682276,0.00015372164374894245,1.5826365422902942,7.518461965094457,-1.5730128982085467,0.0,0.0,0.0,0.0,0.0,0.0,0.0,0.0,0.0,0.0,0.0,0.0,0.0,0.0,0.0,0.0,0.0,0.0
65,-0.00027986017068482483,-0.00031945748116781207,-0.0017570464281168596,-6.238627500575732,0.1910862672283472,-2.0143922654766895,0.0,0.0,0.0,0.0,0.0,0.0,0.0,0.0,0.0,0.0,0.0,0.0,0.0,0.0,0.0,0.0,0.0,0.0
66,-0.0014346829088244934,0.0019525732737054402,0.00017637542507391752,3.0288036520447976,9.928546276870685,-2.2844030738893215,0.0,0.0,0.0,0.0,0.0,0.0,0.0,0.0,0.0,0.0,0.0,0.0,0.0,0.0,0.0,0.0,0.0,0.0
67,-0.00039136579597563866,-0.0005595814432781969,-0.0020159803335166432,-5.789460167469285,-0.8358618303147493,-4.654508688878582,0.0,0.0,0.0,0.0,0.0,0.0,0.0,0.0,0.0,0.0,0.0,0.0,0.0,0.0,0.0,0.0,0.0,0.0
68,-0.0014670097171964821,0.0013916928440346143,0.00016224993051035762,2.315409051723163,8.207197774023834,-2.1863110872253917,0.0,0.0,0.0,0.0,0.0,0.0,0.0,0.0,0.0,0.0,0.0,0.0,0.0,0.0,0.0,0.0,0.0,0.0
69,-0.00035110974725214314,-0.0004902790415733439,-0.0018545251918527827,-6.238348606364072,-0.27279004849505917,-3.0341055925778977,0.0,0.0,0.0,0.0,0.0,0.0,0.0,0.0,0.0,0.0,0.0,0.0,0.0,0.0,0.0,0.0,0.0,0.0
70,-0.0014903114116641071,0.001770391019095125,0.00017549736196942624,-2.1919438216874245,9.441510212028325,3.3630705097900395,0.0,0.0,0.0,0.0,0.0,0.0,0.0,0.0,0.0,0.0,0.0,0.0,0.0,0.0,0.0,0.0,0.0,0.0
71,0.00016559827609432628,0.0009680974834129964,-0.002005944026307183,-6.539569021131916,2.6713181424654278,-4.015793501156818,0.0,0.0,0.0,0.0,0.0,0.0,0.0,0.0,0.0,0.0,0.0,0.0,0.0,0.0,0.0,0.0,0.0,0.0
72,-0.0015032483650712647,0.0015174552190686742,0.0001689923717072977,-1.7977897571837302,8.655693833398674,3.1942474848194586,0.0,0.0,0.0,0.0,0.0,0.0,0.0,0.0,0.0,0.0,0.0,0.0,0.0,0.0,0.0,0.0,0.0,0.0
73,0.00014348379365013947,0.0008883191231032382,-0.0019315916473821005,-6.672906130746789,2.234038101808206,-3.295367227659825,0.0,0.0,0.0,0.0,0.0,0.0,0.0,0.0,0.0,0.0,0.0,0.0,0.0,0.0,0.0,0.0,0.0,0.0
74,0.0,0.0,0.0,0.0,0.0,0.0,-0.002684250530198661,-0.0007563867473412035,4.631533045244413e-20,-0.6958758075539071,8.43140617569789,-2.3390551333662923,0.0,0.0,0.0,0.0,0.0,0.0,0.0,0.0,0.0,0.0,0.0,0.0
75,0.0,0.0,0.0,0.0,0.0,0.0,0.0005454882280198369,-0.0006500875554604903,-0.0025424512319198837,-7.996613635910513,-1.0542989480601233,-3.158628273568356,0.0,0.0,0.0,0.0,0.0,0.0,0.0,0.0,0.0,0.0,0.0,0.0
76,0.0,0.0,0.0,0.0,0.0,0.0,-0.004148976516333096,-0.0005747499936045847,3.5193286998890816e-20,-0.4138199953953009,9.768055750682917,-2.554374657257674,0.0,0.0,0.0,0.0,0.0,0.0,0.0,0.0,0.0,0.0,0.0,0.0
77,0.0,0.0,0.0,0.0,0.0,0.0,0.0008312448927520006,-0.0009906390872627857,-0.0035477425795245486,-8.908545501530911,-1.60317119433303,-4.3981547700473245,0.0,0.0,0.0,0.0,0.0,0.0,0.0,0.0,0.0,0.0,0.0,0.0
78,0.0,0.0,0.0,0.0,0.0,0.0,-0.0013255578174197443,-0.002157118932695484,1.3208543981528397e-19,-0.04314237865390948,7.785799689707957,-0.048040110452484276,0.0,0.0,0.0,0.0,0.0,0.0,0.0,0.0,0.0,0.0,0.0,0.0
79,0.0,0.0,0.0,0.0,0.0,0.0,1.0584498645472536e-05,-1.2614114286550594e-05,-0.002402005522624225,-3.8674811737107335,0.016007936611551383,2.335105800092345,0.0,0.0,0.0,0.0,0.0,0.0,0.0,0.0,0.0,0.0,0.0,0.0
80,0.0,0.0,0.0,0.0,0.0,0.0,-0.0037714149119688067,-0.000657259030301618,4.0245508383478485e-20,-0.8675819199981355,9.365158730571505,-4.371245204095736,0.0,0.0,0.0,0.0,0.0,0.0,0.0,0.0,0.0,0.0,0.0,0.0
81,0.0,0.0,0.0,0.0,0.0,0.0,0.0013277878775306187,-0.001582395973250156,-0.0033115493970422246,-10.069596731561967,-2.5353624760837254,-4.064527754532005,0.0,0.0,0.0,0.0,0.0,0.0,0.0,0.0,0.0,0.0,0.0,0.0
82,0.0,0.0,0.0,0.0,0.0,0.0,-0.00737204013327881,0.0006947472376911967,-4.2540999042749435e-20,0.22231911606118288,14.205651157346942,-1.6642353479348706,0.0,0.0,0.0,0.0,0.0,0.0,0.0,0.0,0.0,0.0,0.0,0.0
83,0.0,0.0,0.0,0.0,0.0,0.0,0.0007939109622255113,-0.0009461462414321796,-0.0052007354622964725,-10.236171530244558,-1.6866762613085187,-7.1021884945495195,0.0,0.0,0.0,0.0,0.0,0.0,0.0,0.0,0.0,0.0,0.0,0.0
84,0.0,0.0,0.0,0.0,0.0,0.0,-0.0007690569790124073,-0.002894668807418637,1.7724734447984596e-19,-1.9307440945482308,10.474593736228135,-1.6340093088690124,0.0,0.0,0.0,0.0,0.0,0.0,0.0,0.0,0.0,0.0,0.0,0.0
85,0.0,0.0,0.0,0.0,0.0,0.0,0.0003671770359322659,-0.0004375845516903714,-0.0024497890687691344,-2.4917794797321604,1.14931080644628,4.928992618295641,0.0,0.0,0.0,0.0,0.0,0.0,0.0,0.0,0.0,0.0,0.0,0.0
86,0.0,0.0,0.0,0.0,0.0,0.0,-0.001201302526035556,-0.002297644831366299,1.4069016941550988e-19,-1.5187432335331232,8.197909018130458,-1.5845153261539933,0.0,0.0,0.0,0.0,0.0,0.0,0.0,0.0,0.0,0.0,0.0,0.0
87,0.0,0.0,0.0,0.0,0.0,0.0,0.0003484044728088372,-0.0004152122821458236,-0.002397148753636904,-3.7862782425764543,0.6530122619076509,2.888019331702351,0.0,0.0,0.0,0.0,0.0,0.0,0.0,0.0,0.0,0.0,0.0,0.0
88,0.0,0.0,0.0,0.0,0.0,0.0,-0.0015941333222189646,-0.0017478981505432345,1.0702789376491754e-19,-1.1658480664123374,7.133595990159264,-1.5639177329089742,0.0,0.0,0.0,0.0,0.0,0.0,0.0,0.0,0.0,0.0,0.0,0.0
89,0.0,0.0,0.0,0.0,0.0,0.0,0.0003363521956314453,-0.00040084893752072564,-0.002344704247239842,-5.031805271717682,0.20962377127307957,0.9392946092016448,0.0,0.0,0.0,0.0,0.0,0.0,0.0,0.0,0.0,0.0,0.0,0.0
90,0.0,0.0,0.0,0.0,0.0,0.0,-0.0019575876970447078,-0.0012316395614012628,7.541617232866533e-20,-0.8350516226300561,7.139992091321497,-1.5534890786434012,0.0,0.0,0.0,0.0,0.0,0.0,0.0,0.0,0.0,0.0,0.0,0.0
91,0.0,0.0,0.0,0.0,0.0,0.0,0.0003264968591698539,-0.0003891038048863994,-0.0022912818269076717,-6.250931793422725,-0.21344963777758794,-0.9628583957615933,0.0,0.0,0.0,0.0,0.0,0.0,0.0,0.0,0.0,0.0,0.0,0.0
92,0.0,0.0,0.0,0.0,0.0,0.0,-0.0013630284611071799,-0.002065413563267829,1.2647010545857378e-19,3.8458000548046973,7.628731425248115,4.416222009223313,0.0,0.0,0.0,0.0,0.0,0.0,0.0,0.0,0.0,0.0,0.0,0.0
93,0.0,0.0,0.0,0.0,0.0,0.0,-0.0009607588902294106,0.0011449878590477263,-0.002371762625791253,-6.159220332140413,-1.3146851657202612,2.0861525770416067,0.0,0.0,0.0,0.0,0.0,0.0,0.0,0.0,0.0,0.0,0.0,0.0
94,0.0,0.0,0.0,0.0,0.0,0.0,-0.001491250004395977,-0.0018790380605074048,1.150578973138222e-19,3.0647110766875776,7.301071744566842,3.8331536311880017,0.0,0.0,0.0,0.0,0.0,0.0,0.0,0.0,0.0,0.0,0.0,0.0
95,0.0,0.0,0.0,0.0,0.0,0.0,-0.0008263247933573272,0.0009847755411332628,-0.0023501861625922753,-6.052721127212936,-0.784298381029636,1.4338386949561805,0.0,0.0,0.0,0.0,0.0,0.0,0.0,0.0,0.0,0.0,0.0,0.0
96,0.0,0.0,0.0,0.0,0.0,0.0,-0.0010603925184200543,-0.0024803101697416863,1.518751955133392e-19,3.333536868132827,8.803894420527731,3.2344978734433263,0.0,0.0,0.0,0.0,0.0,0.0,0.0,0.0,0.0,0.0,0.0,0.0
97,0.0,0.0,0.0,0.0,0.0,0.0,-0.000714014060402883,0.0008509288216479148,-0.002406620441550094,-4.231342362803568,-1.6375573542684938,3.5478467633109405,0.0,0.0,0.0,0.0,0.0,0.0,0.0,0.0,0.0,0.0,0.0,0.0
98,0.0,0.0,0.0,0.0,0.0,0.0,-0.0006873528684001633,-0.003000609267809474,1.8373432676573775e-19,-4.026817637400314,11.015320067971176,-3.295008982180524,0.0,0.0,0.0,0.0,0.0,0.0,0.0,0.0,0.0,0.0,0.0,0.0
99,0.0,0.0,0.0,0.0,0.0,0.0,0.00074208385429706,-0.0008843810993646797,-0.002455297304158364,-3.1486219813699328,2.491796275000651,5.299454080439064,0.0,0.0,0.0,0.0,0.0,0.0,0.0,0.0,0.0,0.0,0.0,0.0
100,0.0,0.0,0.0,0.0,0.0,0.0,-0.001873579458208437,-0.0013388082840670487,8.197836398773358e-20,-1.7618717018322354,7.050165176036563,-3.0212918944315073,0.0,0.0,0.0,0.0,0.0,0.0,0.0,0.0,0.0,0.0,0.0,0.0
101,0.0,0.0,0.0,0.0,0.0,0.0,0.0006362411796601673,-0.0007582427116163829,-0.0022958145094464344,-6.716721351518228,-0.2352047518563156,-0.5455425255793865,0.0,0.0,0.0,0.0,0.0,0.0,0.0,0.0,0.0,0.0,0.0,0.0
102,0.0,0.0,0.0,0.0,0.0,0.0,-0.0007664821260055851,-0.002901988877967393,1.7769556952819934e-19,-2.954224677770806,10.496092934930743,-2.4966672611986613,0.0,0.0,0.0,0.0,0.0,0.0,0.0,0.0,0.0,0.0,0.0,0.0
103,0.0,0.0,0.0,0.0,0.0,0.0,0.0005616501091692646,-0.0006693485353834015,-0.002452521867582182,-2.871498836771191,1.7615138506431265,4.94425202257784,0.0,0.0,0.0,0.0,0.0,0.0,0.0,0.0,0.0,0.0,0.0,0.0
104,0.0,0.0,0.0,0.0,0.0,0.0,-0.0009844777236866548,-0.002602854852718944,1.593788932013705e-19,-2.5872377236026303,9.211262038454922,-2.4126731195123328,0.0,0.0,0.0,0.0,0.0,0.0,0.0,0.0,0.0,0.0,0.0,0.0
105,0.0,0.0,0.0,0.0,0.0,0.0,0.0005371590284384296,-0.000640161201935914,-0.002427236538744802,-3.4786142215944613,1.3529258588921884,3.929621452089213,0.0,0.0,0.0,0.0,0.0,0.0,0.0,0.0,0.0,0.0,0.0,0.0
106,0.0,0.0,0.0,0.0,0.0,0.0,-0.0011937192782976818,-0.002310212395439147,1.4145971077125456e-19,-2.344865581370734,8.230791367341412,-2.4354091921662264,0.0,0.0,0.0,0.0,0.0,0.0,0.0,0.0,0.0,0.0,0.0,0.0
107,0.0,0.0,0.0,0.0,0.0,0.0,0.0005360065939137739,-0.0006387877839509259,-0.0023994179233164797,-4.134723843289034,1.0174536675132897,2.9276415663494073,0.0,0.0,0.0,0.0,0.0,0.0,0.0,0.0,0.0,0.0,0.0,0.0
108,0.0,0.0,0.0,0.0,0.0,0.0,-0.0013994540945246466,-0.00202134453217178,1.2377165556490872e-19,-2.0314512548326387,7.532414817391698,-2.383195948961853,0.0,0.0,0.0,0.0,0.0,0.0,0.0,0.0,0.0,0.0,0.0,0.0
109,0.0,0.0,0.0,0.0,0.0,0.0,0.000518377013215003,-0.0006177776678172363,-0.0023713392526983615,-4.756482212862265,0.6521324341846525,1.9175701145307944,0.0,0.0,0.0,0.0,0.0,0.0,0.0,0.0,0.0,0.0,0.0,0.0
110,0.0,0.0,0.0,0.0,0.0,0.0,-0.0015953041378615018,-0.0017424666392932791,1.0669530962157801e-19,-1.8017105050292503,7.12996057202858,-2.421741570344774,0.0,0.0,0.0,0.0,0.0,0.0,0.0,0.0,0.0,0.0,0.0,0.0
111,0.0,0.0,0.0,0.0,0.0,0.0,0.0005202682789195326,-0.0006200315905151596,-0.0023421098359233798,-5.414332510204523,0.3198835680487375,0.9256340857438711,0.0,0.0,0.0,0.0,0.0,0.0,0.0,0.0,0.0,0.0,0.0,0.0
112,0.0,0.0,0.0,0.0,0.0,0.0,-0.001594584912886442,-0.0017416089264335978,1.0664278985616818e-19,-2.5636483397102556,7.129921716543077,-3.4459631142315037,0.0,0.0,0.0,0.0,0.0,0.0,0.0,0.0,0.0,0.0,0.0,0.0
113,0.0,0.0,0.0,0.0,0.0,0.0,0.0007399557199637272,-0.0008818448876274072,-0.002341007550429011,-6.071390069912297,0.45509885174019576,0.9254869925026796,0.0,0.0,0.0,0.0,0.0,0.0,0.0,0.0,0.0,0.0,0.0,0.0
114,0.0,0.0,0.0,0.0,0.0,0.0,-0.0019432863085573776,-0.0012493090151813144,7.649811432938642e-20,-1.8164953080736308,7.121539526396531,-3.3321085849820795,0.0,0.0,0.0,0.0,0.0,0.0,0.0,0.0,0.0,0.0,0.0,0.0
115,0.0,0.0,0.0,0.0,0.0,0.0,0.0007004323197861206,-0.0008347427334742061,-0.0022916840336878125,-7.156052633823993,-0.4247048685039096,-0.8931888600045387,0.0,0.0,0.0,0.0,0.0,0.0,0.0,0.0,0.0,0.0,0.0,0.0
116,0.0,0.0,0.0,0.0,0.0,0.0,-0.0013735855442670016,-0.0020551540296610436,1.2584189020895907e-19,3.099172276728854,7.602486548995594,3.578868720353444,0.0,0.0,0.0,0.0,0.0,0.0,0.0,0.0,0.0,0.0,0.0,0.0
117,0.0,0.0,0.0,0.0,0.0,0.0,-0.0007790807742531598,0.0009284723116372817,-0.0023732551195977747,-5.456029245341618,-1.04265465765788,2.0415965520537944,0.0,0.0,0.0,0.0,0.0,0.0,0.0,0.0,0.0,0.0,0.0,0.0
118,0.0,0.0,0.0,0.0,0.0,0.0,-0.0015633156302132208,-0.0017917093494887039,1.0971055599268637e-19,2.6929391522815225,7.179320296060045,3.5309345055292547,0.0,0.0,0.0,0.0,0.0,0.0,0.0,0.0,0.0,0.0,0.0,0.0
119,0.0,0.0,0.0,0.0,0.0,0.0,-0.0007608738113082794,0.0009067740981374909,-0.0023492578213767496,-6.026158244933496,-0.5525765578158577,1.0966751396195284,0.0,0.0,0.0,0.0,0.0,0.0,0.0,0.0,0.0,0.0,0.0,0.0
120,0.0,0.0,0.0,0.0,0.0,0.0,-0.0009580594431871941,-0.002635294324412186,1.613652379601285e-19,2.9251767000975266,9.347606824173592,2.6949142239870936,0.0,0.0,0.0,0.0,0.0,0.0,0.0,0.0,0.0,0.0,0.0,0.0
121,0.0,0.0,0.0,0.0,0.0,0.0,-0.0006001491666027601,0.0007152299253912604,-0.002427850652240625,-3.5592271100863706,-1.5572454554902757,4.0493687726787115,0.0,0.0,0.0,0.0,0.0,0.0,0.0,0.0,0.0,0.0,0.0,0.0
122,0.0,0.0,0.0,0.0,0.0,0.0,-0.0013711466991573628,-0.0020623593124811097,1.2628308653608636e-19,2.3015929927289185,7.6133315219174715,2.6516364477704264,0.0,0.0,0.0,0.0,0.0,0.0,0.0,0.0,0.0,0.0,0.0,0.0
123,0.0,0.0,0.0,0.0,0.0,0.0,-0.0005779044758857461,0.0006887197353131117,-0.002376018322374934,-4.812594409291571,-0.7795291044440267,2.060124934572348,0.0,0.0,0.0,0.0,0.0,0.0,0.0,0.0,0.0,0.0,0.0,0.0
124,0.0,0.0,0.0,0.0,0.0,0.0,-0.001746279654323937,-0.0015302054214463385,9.369805857060925e-20,1.72607171539147,7.010909883647874,2.618454499052412,0.0,0.0,0.0,0.0,0.0,0.0,0.0,0.0,0.0,0.0,0.0,0.0
125,0.0,0.0,0.0,0.0,0.0,0.0,-0.0005575364382331797,0.0006644460532665717,-0.0023213249105074572,-6.0212240198471285,-0.05608239477292684,0.15009171585642195,0.0,0.0,0.0,0.0,0.0,0.0,0.0,0.0,0.0,0.0,0.0,0.0
126,0.0,0.0,0.0,0.0,0.0,0.0,-0.0007372741415564832,-0.00294564733047596,1.8036887873421653e-19,1.93234464879223,10.692700671936672,1.612585999919429,0.0,0.0,0.0,0.0,0.0,0.0,0.0,0.0,0.0,0.0,0.0,0.0
127,0.0,0.0,0.0,0.0,0.0,0.0,-0.00036360866448704126,0.00043333193220081406,-0.002458210365730837,-2.3860356102236,-1.169376472261561,5.081672476425883,0.0,0.0,0.0,0.0,0.0,0.0,0.0,0.0,0.0,0.0,0.0,0.0
128,0.0,0.0,0.0,0.0,0.0,0.0,-0.0015717615622400035,-0.0017749998271527148,1.0868739284048385e-19,1.1785998852294028,7.163288018186168,1.557071438882978,0.0,0.0,0.0,0.0,0.0,0.0,0.0,0.0,0.0,0.0,0.0,0.0
129,0.0,0.0,0.0,0.0,0.0,0.0,-0.00033492016047897326,0.0003991423044830456,-0.0023449871067514724,-4.962039664999941,-0.23201481130126603,1.0441968421507868,0.0,0.0,0.0,0.0,0.0,0.0,0.0,0.0,0.0,0.0,0.0,0.0
130,0.0,0.0,0.0,0.0,0.0,0.0,-0.001753283994065626,-0.0015211525752984979,9.314373161770293e-20,0.9993972419711133,7.009601736979421,1.524812568081199,0.0,0.0,0.0,0.0,0.0,0.0,0.0,0.0,0.0,0.0,0.0,0.0
131,0.0,0.0,0.0,0.0,0.0,0.0,-0.0003246084710934472,0.0003868533116121293,-0.0023208714887080653,-5.548070491472266,-0.02515078111625124,0.1155873264649131,0.0,0.0,0.0,0.0,0.0,0.0,0.0,0.0,0.0,0.0,0.0,0.0
132,0.0,0.0,0.0,0.0,0.0,0.0,-0.0019459646799283462,-0.001249261276003383,7.649519114781405e-20,0.8457498838542904,7.122711213643903,1.5528383520508124,0.0,0.0,0.0,0.0,0.0,0.0,0.0,0.0,0.0,0.0,0.0,0.0
133,0.0,0.0,0.0,0.0,0.0,0.0,-0.00032670525615106216,0.0003893521627374398,-0.002293705099041081,-6.208875030887729,0.19893802514845313,-0.8977734495603671,0.0,0.0,0.0,0.0,0.0,0.0,0.0,0.0,0.0,0.0,0.0,0.0
134,0.0,0.0,0.0,0.0,0.0,0.0,-0.0007384055671040871,-0.0029449960351557876,1.8032899839775907e-19,0.8304888819139323,10.686291629462959,0.6933416810450966,0.0,0.0,0.0,0.0,0.0,0.0,0.0,0.0,0.0,0.0,0.0,0.0
135,0.0,0.0,0.0,0.0,0.0,0.0,-0.00015636437119997162,0.00018634780113130066,-0.0024586584434223282,-2.1571617074885396,-0.5023434913150853,5.077251475107838,0.0,0.0,0.0,0.0,0.0,0.0,0.0,0.0,0.0,0.0,0.0,0.0
136,0.0,0.0,0.0,0.0,0.0,0.0,-0.00215569627326218,-0.0009514293382330026,5.825824468409657e-20,-0.11892866727912517,7.598065004502801,-0.2828657676616522,0.0,0.0,0.0,0.0,0.0,0.0,0.0,0.0,0.0,0.0,0.0,0.0
137,0.0,0.0,0.0,0.0,0.0,0.0,5.8714188758490494e-05,-6.997284538918577e-05,-0.0022629261412932212,-6.684378722488649,-0.08210221214082727,-2.033994013078509,0.0,0.0,0.0,0.0,0.0,0.0,0.0,0.0,0.0,0.0,0.0,0.0
138,0.0,0.0,0.0,0.0,0.0,0.0,-0.002476472374642407,-0.0008143430428432493,4.9864130041295055e-20,0.9267223827556178,8.128481297420134,2.754571696743256,0.0,0.0,0.0,0.0,0.0,0.0,0.0,0.0,0.0,0.0,0.0,0.0
139,0.0,0.0,0.0,0.0,0.0,0.0,-0.000611586925312626,0.0007288609154249688,-0.002420537519106551,-7.99907585334722,1.1016099411520783,-2.802521606538977,0.0,0.0,0.0,0.0,0.0,0.0,0.0,0.0,0.0,0.0,0.0,0.0
140,0.0,0.0,0.0,0.0,0.0,0.0,-0.003841437731060055,-0.0006322366265703005,3.8713328051651953e-20,0.7169563345307208,9.469184022039402,3.7978860876692178,0.0,0.0,0.0,0.0,0.0,0.0,0.0,0.0,0.0,0.0,0.0,0.0
141,0.0,0.0,0.0,0.0,0.0,0.0,-0.0011667105025889243,0.0013904314329777469,-0.0033491058974155353,-9.61460339879405,2.250884790187208,-4.15323529348617,0.0,0.0,0.0,0.0,0.0,0.0,0.0,0.0,0.0,0.0,0.0,0.0
142,0.0,0.0,0.0,0.0,0.0,0.0,-0.00250653591398027,-0.0008102878989223874,4.9615824090156795e-20,0.2989962347023611,8.161472242086871,0.9007145832028357,0.0,0.0,0.0,0.0,0.0,0.0,0.0,0.0,0.0,0.0,0.0,0.0
143,0.0,0.0,0.0,0.0,0.0,0.0,-0.00020166954355677457,0.00024034040305062046,-0.0024409609300889844,-7.284638430628007,0.36547741029812997,-2.843469331591668,0.0,0.0,0.0,0.0,0.0,0.0,0.0,0.0,0.0,0.0,0.0,0.0
144,0.0,0.0,0.0,0.0,0.0,0.0,-0.003798898299665169,-0.0006368186305316196,3.899389487589745e-20,0.21715515301128235,9.436049837356355,1.1319372436947668,0.0,0.0,0.0,0.0,0.0,0.0,0.0,0.0,0.0,0.0,0.0,0.0
145,0.0,0.0,0.0,0.0,0.0,0.0,-0.0003446534363833012,0.000410741971009739,-0.0033194640577559127,-8.159888175652608,0.6663322040431111,-4.125187163766011,0.0,0.0,0.0,0.0,0.0,0.0,0.0,0.0,0.0,0.0,0.0,0.0
146,0.0,0.0,0.0,0.0,0.0,0.0,-0.002377313583270921,-0.0008099142721150108,4.959294604647032e-20,0.10447894110283654,8.060539937616094,0.3020832627561316,0.0,0.0,0.0,0.0,0.0,0.0,0.0,0.0,0.0,0.0,0.0,0.0
147,0.0,0.0,0.0,0.0,0.0,0.0,-6.488673315369376e-05,7.732899734761624e-05,-0.0023417307190397763,-7.124153365100682,0.1170903830661387,-2.7162501751748787,0.0,0.0,0.0,0.0,0.0,0.0,0.0,0.0,0.0,0.0,0.0,0.0
148,0.0,0.0,0.0,0.0,0.0,0.0,-0.002667794889550127,-0.0007940087371899015,4.861901292473224e-20,-0.7273120032659497,8.32318960627365,-2.3394900407529593,0.0,0.0,0.0,0.0,0.0,0.0,0.0,0.0,0.0,0.0,0.0,0.0
149,0.0,0.0,0.0,0.0,0.0,0.0,0.0005480740258800098,-0.0006531691893500737,-0.002554028428769607,-7.918148454298362,-1.0136268396564954,-3.0362120868725078,0.0,0.0,0.0,0.0,0.0,0.0,0.0,0.0,0.0,0.0,0.0,0.0
150,0.0,0.0,0.0,0.0,0.0,0.0,-0.005459153281905098,-0.00015157055545739385,9.281019779294209e-21,-0.17476085044237508,11.412962298116279,-4.9341271125287065,0.0,0.0,0.0,0.0,0.0,0.0,0.0,0.0,0.0,0.0,0.0,0.0
151,0.0,0.0,0.0,0.0,0.0,0.0,0.0019367949883213975,-0.002308182385450487,-0.004279381710779452,-11.600962684242688,-3.912090152247271,-5.556146965135764,0.0,0.0,0.0,0.0,0.0,0.0,0.0,0.0,0.0,0.0,0.0,0.0
152,0.0,0.0,0.0,0.0,0.0,0.0,-0.0054512880535997265,-0.0001593332876231835,9.756350034267813e-21,0.09257264010906963,11.386557498407644,2.4857192493339277,0.0,0.0,0.0,0.0,0.0,0.0,0.0,0.0,0.0,0.0,0.0,0.0
153,0.0,0.0,0.0,0.0,0.0,0.0,-0.0009754843616078853,0.0011625369924656665,-0.004278346384395744,-9.60434289685647,1.9649211061352512,-5.5394703997776,0.0,0.0,0.0,0.0,0.0,0.0,0.0,0.0,0.0,0.0,0.0,0.0
154,0.0,0.0,0.0,0.0,0.0,0.0,-0.0030333575847151066,-0.0007696748131620168,4.7128989816160045e-20,0.8720415633125652,8.639874094834635,3.1932745677873964,0.0,0.0,0.0,0.0,0.0,0.0,0.0,0.0,0.0,0.0,0.0,0.0
155,0.0,0.0,0.0,0.0,0.0,0.0,-0.0008255338910589056,0.000983832980477728,-0.002818424155152159,-8.656785806068443,1.541106098729254,-3.3819834722946194,0.0,0.0,0.0,0.0,0.0,0.0,0.0,0.0,0.0,0.0,0.0,0.0
156,0.0,0.0,0.0,0.0,0.0,0.0,-0.007083432578778057,0.0004752223652957285,-2.909897742713241e-20,-0.360693775259458,13.46929111201942,3.886654651744436,0.0,0.0,0.0,0.0,0.0,0.0,0.0,0.0,0.0,0.0,0.0,0.0
157,0.0,0.0,0.0,0.0,0.0,0.0,-0.0018255865325026818,0.002175649308701677,-0.005120757116922839,-11.344911047639506,3.7321427682326895,-6.7291080134738595,0.0,0.0,0.0,0.0,0.0,0.0,0.0,0.0,0.0,0.0,0.0,0.0
158,0.0,0.0,0.0,0.0,0.0,0.0,-0.003889490699991932,-0.0006184127472790523,3.7866859575360626e-20,-0.3215746285851071,9.530879616946757,-1.7560560102357743,0.0,0.0,0.0,0.0,0.0,0.0,0.0,0.0,0.0,0.0,0.0,0.0
159,0.0,0.0,0.0,0.0,0.0,0.0,0.0005439583864317303,-0.0006482643612517645,-0.0033770307889149516,-8.40820105335765,-1.053720086296165,-4.20496222662613,0.0,0.0,0.0,0.0,0.0,0.0,0.0,0.0,0.0,0.0,0.0,0.0
160,0.0,0.0,0.0,0.0,0.0,0.0,-0.0023990395243088844,-0.0008121293123033054,4.9728578140299215e-20,-0.3881978112809798,8.0726964810625,-1.1279832316874239,0.0,0.0,0.0,0.0,0.0,0.0,0.0,0.0,0.0,0.0,0.0,0.0
161,0.0,0.0,0.0,0.0,0.0,0.0,0.00024415728297343185,-0.0002909753191416287,-0.002359797555831432,-7.2633150236047905,-0.43973406113404645,-2.7318865945158715,0.0,0.0,0.0,0.0,0.0,0.0,0.0,0.0,0.0,0.0,0.0,0.0
162,0.0,0.0,0.0,0.0,0.0,0.0,-0.0026239517468511623,-0.0008018388792840352,4.909847084735473e-20,-0.5885497373944817,8.271272938821136,-1.8536992014221874,0.0,0.0,0.0,0.0,0.0,0.0,0.0,0.0,0.0,0.0,0.0,0.0
163,0.0,0.0,0.0,0.0,0.0,0.0,0.00042941257534783134,-0.00051175397937591,-0.002525475751256387,-7.656574011734081,-0.787141198897621,-2.975696163112714,0.0,0.0,0.0,0.0,0.0,0.0,0.0,0.0,0.0,0.0,0.0,0.0
164,0.0,0.0,0.0,0.0,0.0,0.0,-0.007277218579142752,0.0005657475572709489,-3.46420467568651e-20,0.5261452282619824,13.749215634991648,-4.846246120517978,0.0,0.0,0.0,0.0,0.0,0.0,0.0,0.0,0.0,0.0,0.0,0.0
165,0.0,0.0,0.0,0.0,0.0,0.0,0.0023164358467294404,-0.0027606207423538217,-0.005211017333890299,-12.353667843435037,-4.753317148541546,-6.873319459547394,0.0,0.0,0.0,0.0,0.0,0.0,0.0,0.0,0.0,0.0,0.0,0.0
166,0.0,0.0,0.0,0.0,0.0,0.0,-0.0024099009174040624,-0.0008123711162952917,4.9743384364539584e-20,-0.802622662899748,8.080768345343353,-2.339854014735346,0.0,0.0,0.0,0.0,0.0,0.0,0.0,0.0,0.0,0.0,0.0,0.0
167,0.0,0.0,0.0,0.0,0.0,0.0,0.0005082915300153439,-0.000605758256980994,-0.0023682732942665453,-7.729360046933791,-0.9156211660404918,-2.74221981793428,0.0,0.0,0.0,0.0,0.0,0.0,0.0,0.0,0.0,0.0,0.0,0.0
168,0.0,0.0,0.0,0.0,0.0,0.0,-0.005062401761623409,-0.00029514935643793193,1.8072685731605734e-20,-0.3910728972802598,10.89068304647533,-5.38975959113969,0.0,0.0,0.0,0.0,0.0,0.0,0.0,0.0,0.0,0.0,0.0,0.0
169,0.0,0.0,0.0,0.0,0.0,0.0,0.002011014502847741,-0.002396633758527855,-0.0040677430876525965,-11.896780909976574,-4.012035874289575,-5.216396773003709,0.0,0.0,0.0,0.0,0.0,0.0,0.0,0.0,0.0,0.0,0.0,0.0
170,0.0,0.0,0.0,0.0,0.0,0.0,-0.003089023202300732,-0.0007591765717359345,4.648615792820366e-20,-0.996039662117546,8.70327694985661,-3.7448656786954686,0.0,0.0,0.0,0.0,0.0,0.0,0.0,0.0,0.0,0.0,0.0,0.0
171,0.0,0.0,0.0,0.0,0.0,0.0,0.000980462409748125,-0.0011684695992209046,-0.0028543183526642296,-9.116955977206684,-1.8420779744095181,-3.447045124404055,0.0,0.0,0.0,0.0,0.0,0.0,0.0,0.0,0.0,0.0,0.0,0.0
172,0.0,0.0,0.0,0.0,0.0,0.0,-0.0038014299176351205,-0.0006440960990012993,3.9439511299261895e-20,0.9616354758089399,9.4166344500579,4.965839315500761,0.0,0.0,0.0,0.0,0.0,0.0,0.0,0.0,0.0,0.0,0.0,0.0
173,0.0,0.0,0.0,0.0,0.0,0.0,-0.0015150180609926635,0.0018055282170331202,-0.0033260812561960885,-10.70485729295063,2.91150797832082,-4.108663045288863,0.0,0.0,0.0,0.0,0.0,0.0,0.0,0.0,0.0,0.0,0.0,0.0
174,0.0,0.0,0.0,0.0,0.0,0.0,0.0,0.0,0.0,0.0,0.0,0.0,6.6289376170016176e-06,3.759457339068209e-05,-0.0029861651697406645,-7.04847763778969,-0.010756998235335123,0.8414556308318746,0.0,0.0,0.0,0.0,0.0,0.0
175,0.0,0.0,0.0,0.0,0.0,0.0,0.0,0.0,0.0,0.0,0.0,0.0,0.003003063048960036,-0.00016542296456135793,-1.727206456396342e-19,0.00496268893684033,-7.108733780938661,-0.08958495509222032,0.0,0.0,0.0,0.0,0.0,0.0
176,0.0,0.0,0.0,0.0,0.0,0.0,0.0,0.0,0.0,0.0,0.0,0.0,5.3465730310129256e-05,0.00030321922428042016,-0.00224004122417348,-6.088893922742038,0.7462134845166878,-5.428924852947137,0.0,0.0,0.0,0.0,0.0,0.0
177,0.0,0.0,0.0,0.0,0.0,0.0,0.0,0.0,0.0,0.0,0.0,0.0,0.0019046643559427383,-0.002097994948463242,-8.697825843967283e-21,0.9021378278391942,-11.213532385804985,-0.9632177263945972,0.0,0.0,0.0,0.0,0.0,0.0
178,0.0,0.0,0.0,0.0,0.0,0.0,0.0,0.0,0.0,0.0,0.0,0.0,-3.3571505078453414e-05,-0.0001903934664086358,-0.00224004122417348,-6.009915892231789,-0.4685526530686164,-5.428924852947137,0.0,0.0,0.0,0.0,0.0,0.0
179,0.0,0.0,0.0,0.0,0.0,0.0,0.0,0.0,0.0,0.0,0.0,0.0,0.0019046643559427383,-0.002097994948463242,-8.697825843967283e-21,-0.5664586360850754,-11.213532385804985,0.6048111305268391,0.0,0.0,0.0,0.0,0.0,0.0
180,0.0,0.0,0.0,0.0,0.0,0.0,0.0,0.0,0.0,0.0,0.0,0.0,-0.00032773931785850917,-0.0018587020349448717,-0.00462992736359528,-8.776939450766006,1.711096677846092,4.197497153679574,0.0,0.0,0.0,0.0,0.0,0.0
181,0.0,0.0,0.0,0.0,0.0,0.0,0.0,0.0,0.0,0.0,0.0,0.0,0.005041158574119122,0.0019271419306401984,-4.015046961486435e-19,1.1890465712050018,-9.521928746451637,2.8566651833382877,0.0,0.0,0.0,0.0,0.0,0.0
182,0.0,0.0,0.0,0.0,0.0,0.0,0.0,0.0,0.0,0.0,0.0,0.0,-0.00015755756332545926,-0.0008935533444309423,-0.0032259045247489578,-7.691339615766248,0.39545477667630125,1.4059805400365042,0.0,0.0,0.0,0.0,0.0,0.0
183,0.0,0.0,0.0,0.0,0.0,0.0,0.0,0.0,0.0,0.0,0.0,0.0,0.0032892853139777955,7.722024213401581e-05,-2.0225805864737904e-19,0.047181567943883215,-7.289782423051786,1.971027664621613,0.0,0.0,0.0,0.0,0.0,0.0
184,0.0,0.0,0.0,0.0,0.0,0.0,0.0,0.0,0.0,0.0,0.0,0.0,-9.372193627586902e-05,-0.0005315235133007048,-0.002475885356140299,-7.215863068488846,-0.016720847223500205,-0.07670396028960243,0.0,0.0,0.0,0.0,0.0,0.0
185,0.0,0.0,0.0,0.0,0.0,0.0,0.0,0.0,0.0,0.0,0.0,0.0,0.0024335651872470746,-0.0004566215052994152,-1.2364425057831232e-19,-0.28173546876973954,-7.008534776687656,1.5276212647385636,0.0,0.0,0.0,0.0,0.0,0.0
186,0.0,0.0,0.0,0.0,0.0,0.0,0.0,0.0,0.0,0.0,0.0,0.0,-6.224234776284862e-05,-0.0003529938952777659,-0.001999933927459932,-6.947457964282188,-0.18109023265074897,-1.0104037256021219,0.0,0.0,0.0,0.0,0.0,0.0
187,0.0,0.0,0.0,0.0,0.0,0.0,0.0,0.0,0.0,0.0,0.0,0.0,0.0019194772065532259,-0.0006312642849978792,-8.380684483656524e-20,-0.3964339709786684,-7.153380144846153,1.2559585064448366,0.0,0.0,0.0,0.0,0.0,0.0
188,0.0,0.0,0.0,0.0,0.0,0.0,0.0,0.0,0.0,0.0,0.0,0.0,0.0003903047328224157,0.002213528135366514,-0.002870188709773429,-11.258487756346128,-0.5636715059894005,0.7197852548654854,0.0,0.0,0.0,0.0,0.0,0.0
189,0.0,0.0,0.0,0.0,0.0,0.0,0.0,0.0,0.0,0.0,0.0,0.0,0.002877776839713603,-0.00020807455091066487,-1.6300747918080664e-19,0.3978385413411908,-7.081626899130088,-5.487800813086797,0.0,0.0,0.0,0.0,0.0,0.0
190,0.0,0.0,0.0,0.0,0.0,0.0,0.0,0.0,0.0,0.0,0.0,0.0,0.000287927215717037,0.001632916383869179,-0.0026291174581408723,-9.691060765692274,-0.16305630742829205,0.2585443815475115,0.0,0.0,0.0,0.0,0.0,0.0
191,0.0,0.0,0.0,0.0,0.0,0.0,0.0,0.0,0.0,0.0,0.0,0.0,0.0026060190580475535,-0.0003610155091769131,-1.3888118959692932e-19,0.6068670709263906,-7.017234027720387,-4.419546447134808,0.0,0.0,0.0,0.0,0.0,0.0
192,0.0,0.0,0.0,0.0,0.0,0.0,0.0,0.0,0.0,0.0,0.0,0.0,0.0004422302332432792,0.00250801228187791,-0.0035780410190198904,-10.770326512605244,-1.5285651469349417,2.147588491693231,0.0,0.0,0.0,0.0,0.0,0.0
193,0.0,0.0,0.0,0.0,0.0,0.0,0.0,0.0,0.0,0.0,0.0,0.0,0.003714093262245884,0.00045855258673080043,-2.4717007193706284e-19,-0.6392223059027363,-7.6658483014153145,-4.987789180513727,0.0,0.0,0.0,0.0,0.0,0.0
194,0.0,0.0,0.0,0.0,0.0,0.0,0.0,0.0,0.0,0.0,0.0,0.0,-0.0008052289784250604,-0.004566680465971385,-0.005015115368198127,-13.668564867373929,4.617509871467301,4.993897161971821,0.0,0.0,0.0,0.0,0.0,0.0
195,0.0,0.0,0.0,0.0,0.0,0.0,0.0,0.0,0.0,0.0,0.0,0.0,0.005559529895102467,0.0026487624677763847,-4.692771730441265e-19,3.422201108367088,-10.566498508732693,6.47952905571198,0.0,0.0,0.0,0.0,0.0,0.0
196,0.0,0.0,0.0,0.0,0.0,0.0,0.0,0.0,0.0,0.0,0.0,0.0,-0.0001364422002199657,-0.0007738021695361304,-0.0020854990250236695,-7.738735886734455,-0.3083789335371375,-0.8184953364574827,0.0,0.0,0.0,0.0,0.0,0.0
197,0.0,0.0,0.0,0.0,0.0,0.0,0.0,0.0,0.0,0.0,0.0,0.0,0.0020115174730084328,-0.0006020277534150509,-9.08364172201274e-20,-0.7621671358234547,-7.10329505083293,2.6402417656799653,0.0,0.0,0.0,0.0,0.0,0.0
198,0.0,0.0,0.0,0.0,0.0,0.0,0.0,0.0,0.0,0.0,0.0,0.0,-0.0005176653354506117,-0.002935826005587356,-0.004645573657552365,-10.474557092767096,2.7030303556709767,4.212223620653618,0.0,0.0,0.0,0.0,0.0,0.0
199,0.0,0.0,0.0,0.0,0.0,0.0,0.0,0.0,0.0,0.0,0.0,0.0,0.0050598898223376135,0.00194326870230982,-4.0345023530458583e-19,1.8810841038359052,-9.539601529258196,4.49691530051069,0.0,0.0,0.0,0.0,0.0,0.0
200,0.0,0.0,0.0,0.0,0.0,0.0,0.0,0.0,0.0,0.0,0.0,0.0,-0.00034236778089416937,-0.001941664171407961,-0.0038257178189463037,-9.182134908004963,1.3295043104048538,2.579764282632757,0.0,0.0,0.0,0.0,0.0,0.0
201,0.0,0.0,0.0,0.0,0.0,0.0,0.0,0.0,0.0,0.0,0.0,0.0,0.004012158010357024,0.0007226479289867417,-2.7850707772788306e-19,0.6821796449634837,-7.957391721325257,3.6114776210853106,0.0,0.0,0.0,0.0,0.0,0.0
202,0.0,0.0,0.0,0.0,0.0,0.0,0.0,0.0,0.0,0.0,0.0,0.0,-0.0002519775755325,-0.0014290358430688144,-0.0032461589146088946,-8.5303076774448,0.6437068211683639,1.4400123775360512,0.0,0.0,0.0,0.0,0.0,0.0
203,0.0,0.0,0.0,0.0,0.0,0.0,0.0,0.0,0.0,0.0,0.0,0.0,0.0033126751261477864,9.32300761784668e-05,-2.044786019337826e-19,0.08996702351222002,-7.303603567626638,3.1325433525975828,0.0,0.0,0.0,0.0,0.0,0.0
204,0.0,0.0,0.0,0.0,0.0,0.0,0.0,0.0,0.0,0.0,0.0,0.0,-0.0001865013382366303,-0.001057701648875774,-0.002807319080030201,-8.011558860271686,0.22080525667185222,0.5771510143983118,0.0,0.0,0.0,0.0,0.0,0.0
205,0.0,0.0,0.0,0.0,0.0,0.0,0.0,0.0,0.0,0.0,0.0,0.0,0.002804818737015193,-0.00025978874428649154,-1.5599124356996581e-19,-0.24809825079359982,-7.055229130046071,2.6809897214288423,0.0,0.0,0.0,0.0,0.0,0.0
206,0.0,0.0,0.0,0.0,0.0,0.0,0.0,0.0,0.0,0.0,0.0,0.0,-0.00014881044513428328,-0.0008439459720592788,-0.0024704248408045065,-7.717987292669293,-0.02734416832468023,-0.07882666969144408,0.0,0.0,0.0,0.0,0.0,0.0
207,0.0,0.0,0.0,0.0,0.0,0.0,0.0,0.0,0.0,0.0,0.0,0.0,0.002428068063897863,-0.00045635138647147794,-1.233264304548298e-19,-0.4490497642879347,-7.008581888658297,2.4308980433516334,0.0,0.0,0.0,0.0,0.0,0.0
208,0.0,0.0,0.0,0.0,0.0,0.0,0.0,0.0,0.0,0.0,0.0,0.0,-0.00021492630332893952,-0.0012189076366270553,-0.0024697186042151142,-8.621331846439627,-0.03805923397153751,-0.07594307482902483,0.0,0.0,0.0,0.0,0.0,0.0
209,0.0,0.0,0.0,0.0,0.0,0.0,0.0,0.0,0.0,0.0,0.0,0.0,0.002427550408498565,-0.0004552201017012369,-1.233524571495378e-19,-0.6473229846191592,-7.008518202492245,3.5119398551938916,0.0,0.0,0.0,0.0,0.0,0.0
210,0.0,0.0,0.0,0.0,0.0,0.0,0.0,0.0,0.0,0.0,0.0,0.0,-0.00014105414202173925,-0.0007999577912296638,-0.0020135473873862603,-7.854429654918716,-0.3948102911230515,-0.9786664620237586,0.0,0.0,0.0,0.0,0.0,0.0
211,0.0,0.0,0.0,0.0,0.0,0.0,0.0,0.0,0.0,0.0,0.0,0.0,0.0019341265314477241,-0.000626580626251237,-8.492722022738888e-20,-0.8797191992567371,-7.1443718128598315,2.8270205318903088,0.0,0.0,0.0,0.0,0.0,0.0
212,0.0,0.0,0.0,0.0,0.0,0.0,0.0,0.0,0.0,0.0,0.0,0.0,0.00031452456781264407,0.0017837574632589665,-0.0028542765364195375,-9.797760130813112,-0.4291507218423112,0.6762722242582393,0.0,0.0,0.0,0.0,0.0,0.0
213,0.0,0.0,0.0,0.0,0.0,0.0,0.0,0.0,0.0,0.0,0.0,0.0,0.0028587450106972705,-0.00022437486257201013,-1.61035033347482e-19,0.3495760358871913,-7.072958329780986,-4.446962843741639,0.0,0.0,0.0,0.0,0.0,0.0
214,0.0,0.0,0.0,0.0,0.0,0.0,0.0,0.0,0.0,0.0,0.0,0.0,0.00024524446544070967,0.0013908504782157612,-0.002524447636190885,-9.064355077651149,-0.010089635827854207,0.018034864043565694,0.0,0.0,0.0,0.0,0.0,0.0
215,0.0,0.0,0.0,0.0,0.0,0.0,0.0,0.0,0.0,0.0,0.0,0.0,0.002487223773463172,-0.0004319675657751395,-1.2812745102571354e-19,0.6708456296487914,-7.007741614164967,-3.9204671790044454,0.0,0.0,0.0,0.0,0.0,0.0
216,0.0,0.0,0.0,0.0,0.0,0.0,0.0,0.0,0.0,0.0,0.0,0.0,0.00043869026975960966,0.0024879361513308646,-0.00390663191081558,-10.265633615074433,-1.781565465535624,2.7549676722884504,0.0,0.0,0.0,0.0,0.0,0.0
217,0.0,0.0,0.0,0.0,0.0,0.0,0.0,0.0,0.0,0.0,0.0,0.0,0.0041139758736641815,0.0008341200421457819,-2.9028733523728475e-19,-0.9675792488891074,-8.090768401493474,-4.531693016546073,0.0,0.0,0.0,0.0,0.0,0.0
218,0.0,0.0,0.0,0.0,0.0,0.0,0.0,0.0,0.0,0.0,0.0,0.0,0.00023681695267819452,0.0013430556783011127,-0.0028629225936562482,-8.585889120544218,-0.32549458908972145,0.6832990563613751,0.0,0.0,0.0,0.0,0.0,0.0
219,0.0,0.0,0.0,0.0,0.0,0.0,0.0,0.0,0.0,0.0,0.0,0.0,0.002867903102557845,-0.00022222740191108902,-1.6169594570472579e-19,0.2591171506283294,-7.074321613834942,-3.3381677442031865,0.0,0.0,0.0,0.0,0.0,0.0
220,0.0,0.0,0.0,0.0,0.0,0.0,0.0,0.0,0.0,0.0,0.0,0.0,0.00014848642039507696,0.0008421083364467129,-0.002255398101787588,-7.80556128583453,0.19142485968597447,-0.504899615902098,0.0,0.0,0.0,0.0,0.0,0.0
221,0.0,0.0,0.0,0.0,0.0,0.0,0.0,0.0,0.0,0.0,0.0,0.0,0.0021929157285821527,-0.000551676912850856,-1.0432283503354458e-19,0.6498754033383081,-7.044072869813333,-2.656858963905779,0.0,0.0,0.0,0.0,0.0,0.0
222,0.0,0.0,0.0,0.0,0.0,0.0,0.0,0.0,0.0,0.0,0.0,0.0,0.0004003083003292063,0.002270261185899095,-0.004783518237037956,-9.280351167690679,-2.154488771837174,4.470615339416398,0.0,0.0,0.0,0.0,0.0,0.0
223,0.0,0.0,0.0,0.0,0.0,0.0,0.0,0.0,0.0,0.0,0.0,0.0,0.0052407651794187495,0.002174672653889649,-4.2606631012153797e-19,-1.5353188936460926,-9.8597601004576,-3.3771638753487965,0.0,0.0,0.0,0.0,0.0,0.0
224,0.0,0.0,0.0,0.0,0.0,0.0,0.0,0.0,0.0,0.0,0.0,0.0,0.00011114639726100732,0.0006303425421023592,-0.002506404005982026,-7.350194803529601,0.001621128886398227,-0.0063480956306565745,0.0,0.0,0.0,0.0,0.0,0.0
225,0.0,0.0,0.0,0.0,0.0,0.0,0.0,0.0,0.0,0.0,0.0,0.0,0.0024679318310578294,-0.00043746848294813677,-1.2668576329628536e-19,0.3123524968249693,-7.007700950580895,-1.789572460271167,0.0,0.0,0.0,0.0,0.0,0.0
226,0.0,0.0,0.0,0.0,0.0,0.0,0.0,0.0,0.0,0.0,0.0,0.0,8.8446374768442e-05,0.0005016043172353604,-0.002246895106770645,-7.164973320907224,0.11865596666531518,-0.5234347766030247,0.0,0.0,0.0,0.0,0.0,0.0
227,0.0,0.0,0.0,0.0,0.0,0.0,0.0,0.0,0.0,0.0,0.0,0.0,0.002183616309216092,-0.0005554497441127044,-1.0357115746558402e-19,0.39270296908768165,-7.04679278594487,-1.5885548404868461,0.0,0.0,0.0,0.0,0.0,0.0
228,0.0,0.0,0.0,0.0,0.0,0.0,0.0,0.0,0.0,0.0,0.0,0.0,7.305819245323533e-05,0.00041433359863416586,-0.0020138157959279173,-7.03139291619814,0.20580580893799175,-0.9850962792332907,0.0,0.0,0.0,0.0,0.0,0.0
229,0.0,0.0,0.0,0.0,0.0,0.0,0.0,0.0,0.0,0.0,0.0,0.0,0.0019340634946968045,-0.0006284838286178127,-8.482711797614127e-20,0.45690774340514956,-7.146173637155665,-1.4640440836395965,0.0,0.0,0.0,0.0,0.0,0.0
230,0.0,0.0,0.0,0.0,0.0,0.0,0.0,0.0,0.0,0.0,0.0,0.0,0.00018790508069086928,0.0010656626679359273,-0.004779172503392656,-8.029151046203333,-1.009375571098992,4.457970634318914,0.0,0.0,0.0,0.0,0.0,0.0
231,0.0,0.0,0.0,0.0,0.0,0.0,0.0,0.0,0.0,0.0,0.0,0.0,0.005234506581621612,0.0021642044646306047,-4.25159218958157e-19,-0.7185158822573614,-9.84364933459903,-1.586685271126362,0.0,0.0,0.0,0.0,0.0,0.0
232,0.0,0.0,0.0,0.0,0.0,0.0,0.0,0.0,0.0,0.0,0.0,0.0,9.20011738184729e-05,0.0005217645844601946,-0.0017678318368837128,-7.182048104851053,0.5851455447871344,-1.9524580663575901,0.0,0.0,0.0,0.0,0.0,0.0
233,0.0,0.0,0.0,0.0,0.0,0.0,0.0,0.0,0.0,0.0,0.0,0.0,0.0016554446525857277,-0.0007920446398147232,-5.974973337697529e-20,0.9409490320998909,-7.551681830709169,-2.100184222217851,0.0,0.0,0.0,0.0,0.0,0.0
234,0.0,0.0,0.0,0.0,0.0,0.0,0.0,0.0,0.0,0.0,0.0,0.0,0.00011687301065290681,0.0006628197805198178,-0.0019958768992609983,-7.0717908528076086,1.1927905995675148,-3.5371539125069957,0.0,0.0,0.0,0.0,0.0,0.0
235,0.0,0.0,0.0,0.0,0.0,0.0,0.0,0.0,0.0,0.0,0.0,0.0,0.001790617617124906,-0.0013386998375648107,-4.024048925396493e-20,1.585020607676736,-8.793083611408582,-2.363118248725022,0.0,0.0,0.0,0.0,0.0,0.0
236,0.0,0.0,0.0,0.0,0.0,0.0,0.0,0.0,0.0,0.0,0.0,0.0,3.2614882422225964e-05,0.00018496818973013986,-0.0017723658934004707,-6.63171074529187,0.21177800174766992,-1.9984286306598098,0.0,0.0,0.0,0.0,0.0,0.0
237,0.0,0.0,0.0,0.0,0.0,0.0,0.0,0.0,0.0,0.0,0.0,0.0,0.0016576715009822408,-0.0008055261458261455,-5.920186010776663e-20,0.33751545510115477,-7.57759969468191,-0.7426213093347978,0.0,0.0,0.0,0.0,0.0,0.0
238,0.0,0.0,0.0,0.0,0.0,0.0,0.0,0.0,0.0,0.0,0.0,0.0,3.8289328528074915e-05,0.00021714957276664155,-0.0019879386771803655,-6.378719334904793,0.38799173401788956,-3.4979849481546053,0.0,0.0,0.0,0.0,0.0,0.0
239,0.0,0.0,0.0,0.0,0.0,0.0,0.0,0.0,0.0,0.0,0.0,0.0,0.0017854252541222083,-0.0013224327924562787,-4.0750482577053995e-20,0.5170712218504048,-8.753761252860885,-0.7772840227775234,0.0,0.0,0.0,0.0,0.0,0.0
240,0.0,0.0,0.0,0.0,0.0,0.0,0.0,0.0,0.0,0.0,0.0,0.0,1.3423439928248232e-05,7.612811082180517e-05,-0.0017396339847482887,-6.60336046606362,0.07971171961119176,-1.7938514164968409,0.0,0.0,0.0,0.0,0.0,0.0
241,0.0,0.0,0.0,0.0,0.0,0.0,0.0,0.0,0.0,0.0,0.0,0.0,0.0016358765727390514,-0.0007406357767284777,-6.117099789027017e-20,0.13257380403439728,-7.4668908146248665,-0.3113944832699442,0.0,0.0,0.0,0.0,0.0,0.0
242,0.0,0.0,0.0,0.0,0.0,0.0,0.0,0.0,0.0,0.0,0.0,0.0,7.221309099537952e-05,0.0004095407901004959,-0.0021490463125224757,-6.355264627179678,0.896386645426342,-4.632286879641465,0.0,0.0,0.0,0.0,0.0,0.0
243,0.0,0.0,0.0,0.0,0.0,0.0,0.0,0.0,0.0,0.0,0.0,0.0,0.0018697161588022012,-0.0017721772122027209,-2.3076576870206542e-20,1.1182438208999168,-10.069769266134962,-1.356048223201683,0.0,0.0,0.0,0.0,0.0,0.0
244,0.0,0.0,0.0,0.0,0.0,0.0,0.0,0.0,0.0,0.0,0.0,0.0,0.00010327138810782231,0.0005856811458625778,-0.0018769388423469922,-7.1232532694362245,0.8591378774239997,-2.711460011568597,0.0,0.0,0.0,0.0,0.0,0.0
245,0.0,0.0,0.0,0.0,0.0,0.0,0.0,0.0,0.0,0.0,0.0,0.0,0.0017223142647189665,-0.0010411304268047226,-5.117850503971308e-20,1.2316572949099867,-8.05682978483976,-2.220418650496492,0.0,0.0,0.0,0.0,0.0,0.0
246,0.0,0.0,0.0,0.0,0.0,0.0,0.0,0.0,0.0,0.0,0.0,0.0,0.0001022796462898598,0.0005800566985206126,-0.0022587742850011193,-6.439206304361135,1.398498016499703,-5.363097620493098,0.0,0.0,0.0,0.0,0.0,0.0
247,0.0,0.0,0.0,0.0,0.0,0.0,0.0,0.0,0.0,0.0,0.0,0.0,0.0019242771772021519,-0.0020946445095764627,-1.0050050205928994e-20,1.6945674082473583,-11.11215683339677,-1.8273483965659063,0.0,0.0,0.0,0.0,0.0,0.0
248,0.0,0.0,0.0,0.0,0.0,0.0,0.0,0.0,0.0,0.0,0.0,0.0,-3.236008745300943e-05,-0.00018352317565349104,-0.0017467688788710468,-6.6621198236446695,-0.1951628779188398,-1.829334828095673,0.0,0.0,0.0,0.0,0.0,0.0
249,0.0,0.0,0.0,0.0,0.0,0.0,0.0,0.0,0.0,0.0,0.0,0.0,0.0016410500437475087,-0.0007523837823283881,-6.088852628003994e-20,-0.32202025883655033,-7.485236790747814,0.7476170801568075,0.0,0.0,0.0,0.0,0.0,0.0
250,0.0,0.0,0.0,0.0,0.0,0.0,0.0,0.0,0.0,0.0,0.0,0.0,-5.4657275973027087e-05,-0.00030997681553565583,-0.001795760555021382,-6.7360222382190695,-0.38077678462613307,-2.1724067155908626,0.0,0.0,0.0,0.0,0.0,0.0
251,0.0,0.0,0.0,0.0,0.0,0.0,0.0,0.0,0.0,0.0,0.0,0.0,0.0016718105037639996,-0.000860064363208069,-5.729486731392708e-20,-0.5882840244343194,-7.681147855010492,1.2283002196346247,0.0,0.0,0.0,0.0,0.0,0.0
252,0.0,0.0,0.0,0.0,0.0,0.0,0.0,0.0,0.0,0.0,0.0,0.0,-7.11561650426496e-05,-0.0004035466651600954,-0.0017496747910619574,-6.959053661104192,-0.43253512732736027,-1.846870372216347,0.0,0.0,0.0,0.0,0.0,0.0
253,0.0,0.0,0.0,0.0,0.0,0.0,0.0,0.0,0.0,0.0,0.0,0.0,0.001643019806271061,-0.0007579471852912235,-6.072580190165987e-20,-0.7109544598031678,-7.494435857865735,1.6411949540161155,0.0,0.0,0.0,0.0,0.0,0.0
254,0.0,0.0,0.0,0.0,0.0,0.0,0.0,0.0,0.0,0.0,0.0,0.0,0.00016864767798817148,0.0009564485100950593,-0.002102240068980632,-7.634596347728623,1.9675921208013525,-4.2589961579829865,0.0,0.0,0.0,0.0,0.0,0.0
255,0.0,0.0,0.0,0.0,0.0,0.0,0.0,0.0,0.0,0.0,0.0,0.0,0.0018484394704633793,-0.0016232968942247487,-2.93268112969132e-20,2.499877217106113,-9.596142293662668,-3.2374497062301733,0.0,0.0,0.0,0.0,0.0,0.0
256,0.0,0.0,0.0,0.0,0.0,0.0,0.0,0.0,0.0,0.0,0.0,0.0,0.0001518235034573333,0.0008610338749482413,-0.001992686728570072,-7.621479957869423,1.537082711210523,-3.5032206099448175,0.0,0.0,0.0,0.0,0.0,0.0
257,0.0,0.0,0.0,0.0,0.0,0.0,0.0,0.0,0.0,0.0,0.0,0.0,0.0017894310896365085,-0.0013270575085271386,-4.075803468722637e-20,2.047649735657375,-8.758992066042653,-3.074715622183621,0.0,0.0,0.0,0.0,0.0,0.0
258,0.0,0.0,0.0,0.0,0.0,0.0,0.0,0.0,0.0,0.0,0.0,0.0,0.0,0.0,0.0,0.0,0.0,0.0,7.411388505058585e-05,0.0003853669207327562,-0.002692877388520002,-7.278757750815218,1.7274783709862294,-5.251431484677249
259,0.0,0.0,0.0,0.0,0.0,0.0,0.0,0.0,0.0,0.0,0.0,0.0,0.0,0.0,0.0,0.0,0.0,0.0,0.0024063745572227373,-0.0021223744413956026,0.0003742318771841015,1.9218169099800932,-10.9430165647562,-2.3052080035293514
260,0.0,0.0,0.0,0.0,0.0,0.0,0.0,0.0,0.0,0.0,0.0,0.0,0.0,0.0,0.0,0.0,0.0,0.0,-9.193421628247357e-06,-0.0005378044684198344,-0.0024449016727752914,-7.079265732536194,0.041527523920800065,0.9846776152238369
261,0.0,0.0,0.0,0.0,0.0,0.0,0.0,0.0,0.0,0.0,0.0,0.0,0.0,0.0,0.0,0.0,0.0,0.0,0.002522259768244996,0.00013011170451310682,-2.2942204011628247e-05,0.015611437159338616,-7.146055956033296,0.2955406170998615
262,0.0,0.0,0.0,0.0,0.0,0.0,0.0,0.0,0.0,0.0,0.0,0.0,0.0,0.0,0.0,0.0,0.0,0.0,-1.463668212898013e-06,-0.00037180965130509375,-0.002012294213031961,-6.956877918672393,-0.0023184151922230143,-0.28249523623178824
263,0.0,0.0,0.0,0.0,0.0,0.0,0.0,0.0,0.0,0.0,0.0,0.0,0.0,0.0,0.0,0.0,0.0,0.0,0.0020313107742922923,-0.0002565640716998495,4.523916812110447e-05,-0.007322057281654742,-7.019083189376828,0.05751157871143989
264,0.0,0.0,0.0,0.0,0.0,0.0,0.0,0.0,0.0,0.0,0.0,0.0,0.0,0.0,0.0,0.0,0.0,0.0,0.00035108049265963827,0.003345457743310131,-0.004136154379748072,-16.47255261667039,-2.7006435813475433,2.3414161156181605
265,0.0,0.0,0.0,0.0,0.0,0.0,0.0,0.0,0.0,0.0,0.0,0.0,0.0,0.0,0.0,0.0,0.0,0.0,0.00358079479544169,0.0008450204491220662,-0.00014899990443060523,-1.9859010711701208,-7.790010821614996,-8.08283796104457
266,0.0,0.0,0.0,0.0,0.0,0.0,0.0,0.0,0.0,0.0,0.0,0.0,0.0,0.0,0.0,0.0,0.0,0.0,0.00025508577393274797,0.002331313457471612,-0.003568987469080434,-13.300136200513393,-1.4701263415130692,1.5621264546179132
267,0.0,0.0,0.0,0.0,0.0,0.0,0.0,0.0,0.0,0.0,0.0,0.0,0.0,0.0,0.0,0.0,0.0,0.0,0.003158525059781006,0.00041319338064038294,-7.285714125704246e-05,-0.889741431038853,-7.355917973761211,-6.594982932629839
268,0.0,0.0,0.0,0.0,0.0,0.0,0.0,0.0,0.0,0.0,0.0,0.0,0.0,0.0,0.0,0.0,0.0,0.0,-3.572840360791653e-05,-0.0007597183040955684,-0.001956824186762899,-7.257136895507331,-0.0013879701358674968,-0.00697144719179876
269,0.0,0.0,0.0,0.0,0.0,0.0,0.0,0.0,0.0,0.0,0.0,0.0,0.0,0.0,0.0,0.0,0.0,0.0,0.0020510056121607226,-0.00017873860212917091,3.1516438049488204e-05,-0.12298123731683717,-7.007702135386678,1.3951868803234164
270,0.0,0.0,0.0,0.0,0.0,0.0,0.0,0.0,0.0,0.0,0.0,0.0,0.0,0.0,0.0,0.0,0.0,0.0,-6.81515149204758e-05,-0.0013096471089999442,-0.002941437413638837,-7.671870863068529,0.7280263514000294,2.9087205652161323
271,0.0,0.0,0.0,0.0,0.0,0.0,0.0,0.0,0.0,0.0,0.0,0.0,0.0,0.0,0.0,0.0,0.0,0.0,0.00322530029790107,0.0010040518766785225,-0.00017704143588939214,0.5723880876814459,-8.21503300295,1.7539624909965892
272,0.0,0.0,0.0,0.0,0.0,0.0,0.0,0.0,0.0,0.0,0.0,0.0,0.0,0.0,0.0,0.0,0.0,0.0,-4.6974217678897105e-05,-0.0010055258021762733,-0.0026106340243630313,-7.408930459330719,0.35786391129629236,1.8230077488908725
273,0.0,0.0,0.0,0.0,0.0,0.0,0.0,0.0,0.0,0.0,0.0,0.0,0.0,0.0,0.0,0.0,0.0,0.0,0.0027973831792113065,0.0004650601115022748,-8.200264530913838e-05,0.23660726087484132,-7.481939178607429,1.375639360266027
274,0.0,0.0,0.0,0.0,0.0,0.0,0.0,0.0,0.0,0.0,0.0,0.0,0.0,0.0,0.0,0.0,0.0,0.0,-3.545067019614569e-05,-0.0008228469652486345,-0.0023331258747018306,-7.259545365326837,0.16179220841260708,0.9707776658308713
275,0.0,0.0,0.0,0.0,0.0,0.0,0.0,0.0,0.0,0.0,0.0,0.0,0.0,0.0,0.0,0.0,0.0,0.0,0.0024607459137008453,0.00012221101199886883,-2.1549098755086692e-05,0.05938562033281827,-7.142177258591251,1.1679198257203744
276,0.0,0.0,0.0,0.0,0.0,0.0,0.0,0.0,0.0,0.0,0.0,0.0,0.0,0.0,0.0,0.0,0.0,0.0,-6.393251686361511e-05,-0.0011324292847301118,-0.002214092499602499,-7.729812281438237,0.2974359067400092,0.9638623292111819
277,0.0,0.0,0.0,0.0,0.0,0.0,0.0,0.0,0.0,0.0,0.0,0.0,0.0,0.0,0.0,0.0,0.0,0.0,0.0023965501139350835,0.00011673158951869801,-2.0582928733132073e-05,0.10783087473835888,-7.1402681163666255,2.162487434979865
278,0.0,0.0,0.0,0.0,0.0,0.0,0.0,0.0,0.0,0.0,0.0,0.0,0.0,0.0,0.0,0.0,0.0,0.0,-3.8846262128378276e-05,-0.0007812906176137704,-0.0018739399057314053,-7.316221427699056,-0.04684975277983964,-0.2082424643876396
279,0.0,0.0,0.0,0.0,0.0,0.0,0.0,0.0,0.0,0.0,0.0,0.0,0.0,0.0,0.0,0.0,0.0,0.0,0.001968470364053768,-0.00022780158691554437,4.0167566021414794e-05,-0.1840785902711075,-7.013883386377488,1.5765698347928254
280,0.0,0.0,0.0,0.0,0.0,0.0,0.0,0.0,0.0,0.0,0.0,0.0,0.0,0.0,0.0,0.0,0.0,0.0,0.00027778556537182033,0.002541828000044915,-0.0038692696284612187,-13.422734927887339,-2.1061147982728037,2.2262947004490914
281,0.0,0.0,0.0,0.0,0.0,0.0,0.0,0.0,0.0,0.0,0.0,0.0,0.0,0.0,0.0,0.0,0.0,0.0,0.0034495687463044133,0.0007608923057301732,-0.00013416584291370395,-1.5203096262514355,-7.714973121169816,-6.629405603637332
282,0.0,0.0,0.0,0.0,0.0,0.0,0.0,0.0,0.0,0.0,0.0,0.0,0.0,0.0,0.0,0.0,0.0,0.0,0.0002174969033702199,0.0019361248504501868,-0.0033359994067914678,-12.083401530692479,-1.0072719083077815,1.1903677266148376
283,0.0,0.0,0.0,0.0,0.0,0.0,0.0,0.0,0.0,0.0,0.0,0.0,0.0,0.0,0.0,0.0,0.0,0.0,0.0029815522364709493,0.00023833830641106917,-4.2025473956633e-05,-0.48662193471275966,-7.209897961981739,-5.929810057112903
284,0.0,0.0,0.0,0.0,0.0,0.0,0.0,0.0,0.0,0.0,0.0,0.0,0.0,0.0,0.0,0.0,0.0,0.0,0.0002106450475224576,0.0018026514449747631,-0.0036419546695304803,-10.977151855588449,-1.6171783360336203,2.19042316858487
285,0.0,0.0,0.0,0.0,0.0,0.0,0.0,0.0,0.0,0.0,0.0,0.0,0.0,0.0,0.0,0.0,0.0,0.0,0.003350322406255385,0.0007228833148888062,-0.00012746383231886996,-1.160102818508728,-7.6923644843423595,-5.173745888694337
286,0.0,0.0,0.0,0.0,0.0,0.0,0.0,0.0,0.0,0.0,0.0,0.0,0.0,0.0,0.0,0.0,0.0,0.0,0.0001369224106243383,0.0010981901241829115,-0.0027845046966574983,-9.660948462198451,-0.23556259196740537,0.3825814390057179
287,0.0,0.0,0.0,0.0,0.0,0.0,0.0,0.0,0.0,0.0,0.0,0.0,0.0,0.0,0.0,0.0,0.0,0.0,0.0025539344783418925,-8.234001941503009e-05,1.4518767014928487e-05,0.14139076287685615,-7.028582032730922,-4.314769815597034
288,0.0,0.0,0.0,0.0,0.0,0.0,0.0,0.0,0.0,0.0,0.0,0.0,0.0,0.0,0.0,0.0,0.0,0.0,0.00011241436757080933,0.0007863224814543755,-0.0029399998990565206,-8.60431720069444,-0.522280279939631,1.1171118314731217
289,0.0,0.0,0.0,0.0,0.0,0.0,0.0,0.0,0.0,0.0,0.0,0.0,0.0,0.0,0.0,0.0,0.0,0.0,0.0027866229719428664,0.0001946638533869975,-3.4324489520804736e-05,-0.23474545971254554,-7.18577641049803,-3.276288825946137
290,0.0,0.0,0.0,0.0,0.0,0.0,0.0,0.0,0.0,0.0,0.0,0.0,0.0,0.0,0.0,0.0,0.0,0.0,9.314453619065216e-05,0.000619806259300683,-0.0026159612899715663,-8.321060532022976,-0.1570710395703374,0.3628138322900745
291,0.0,0.0,0.0,0.0,0.0,0.0,0.0,0.0,0.0,0.0,0.0,0.0,0.0,0.0,0.0,0.0,0.0,0.0,0.0024703361926428523,-8.649595883557098e-05,1.5251571264959753e-05,0.10794008356389821,-7.0264793898290625,-3.033803764063874
292,0.0,0.0,0.0,0.0,0.0,0.0,0.0,0.0,0.0,0.0,0.0,0.0,0.0,0.0,0.0,0.0,0.0,0.0,7.928201388742138e-05,0.0005082977589227492,-0.0023358839523996474,-8.134421938197693,0.12775100246756335,-0.31066807081241155
293,0.0,0.0,0.0,0.0,0.0,0.0,0.0,0.0,0.0,0.0,0.0,0.0,0.0,0.0,0.0,0.0,0.0,0.0,0.0021951665290295464,-0.00028608265220490966,5.0444090296361486e-05,0.3784181826395313,-7.021467866685376,-2.881661074619073
294,0.0,0.0,0.0,0.0,0.0,0.0,0.0,0.0,0.0,0.0,0.0,0.0,0.0,0.0,0.0,0.0,0.0,0.0,2.58016968681514e-05,-3.939951202867582e-05,-0.0019217920631093152,-7.074755760524143,0.13564470732300077,-0.8703132036113567
295,0.0,0.0,0.0,0.0,0.0,0.0,0.0,0.0,0.0,0.0,0.0,0.0,0.0,0.0,0.0,0.0,0.0,0.0,0.001871649527246985,-0.0003944625805622307,6.955439583300767e-05,0.23032010892892324,-7.115782816650374,-1.092200785267267
296,0.0,0.0,0.0,0.0,0.0,0.0,0.0,0.0,0.0,0.0,0.0,0.0,0.0,0.0,0.0,0.0,0.0,0.0,9.020713291805905e-05,0.0006688417665570682,-0.002144518273068506,-8.718833900504292,0.8311467051717589,-1.6026871735343464
297,0.0,0.0,0.0,0.0,0.0,0.0,0.0,0.0,0.0,0.0,0.0,0.0,0.0,0.0,0.0,0.0,0.0,0.0,0.001948418566081344,-0.0006191035183481226,0.00010916465413631211,1.1447219180523152,-7.374235995925529,-3.6341607223844963
298,0.0,0.0,0.0,0.0,0.0,0.0,0.0,0.0,0.0,0.0,0.0,0.0,0.0,0.0,0.0,0.0,0.0,0.0,0.00011582784841849011,0.0008996663323935944,-0.0025218806909356006,-8.967688163506384,1.8977843693070602,-3.323457549397809
299,0.0,0.0,0.0,0.0,0.0,0.0,0.0,0.0,0.0,0.0,0.0,0.0,0.0,0.0,0.0,0.0,0.0,0.0,0.0022222868571593946,-0.0012826160286009507,0.00022615981173148772,2.239323748869092,-8.583872497586984,-4.0015839581997446
300,0.0,0.0,0.0,0.0,0.0,0.0,0.0,0.0,0.0,0.0,0.0,0.0,0.0,0.0,0.0,0.0,0.0,0.0,4.912202979005169e-05,0.0002179276761241109,-0.00199743244838664,-7.440047518223305,0.45850704487026633,-1.5694696588681503
301,0.0,0.0,0.0,0.0,0.0,0.0,0.0,0.0,0.0,0.0,0.0,0.0,0.0,0.0,0.0,0.0,0.0,0.0,0.0018842445412499732,-0.0005894874798423693,0.00010394254748604699,0.6351908185060572,-7.359199502028964,-2.0472378037691485
302,0.0,0.0,0.0,0.0,0.0,0.0,0.0,0.0,0.0,0.0,0.0,0.0,0.0,0.0,0.0,0.0,0.0,0.0,5.745765366799926e-05,0.0002620493362417065,-0.0022958822486541333,-7.327927338098828,0.9260315208894458,-3.1120409419370434
303,0.0,0.0,0.0,0.0,0.0,0.0,0.0,0.0,0.0,0.0,0.0,0.0,0.0,0.0,0.0,0.0,0.0,0.0,0.002121316939974866,-0.0011554040581681548,0.0002037289090750983,1.1042481752756894,-8.389718611105609,-2.0852381973954586
304,0.0,0.0,0.0,0.0,0.0,0.0,0.0,0.0,0.0,0.0,0.0,0.0,0.0,0.0,0.0,0.0,0.0,0.0,3.6404179656340625e-05,8.571421861635077e-05,-0.001910124568715797,-7.213549362239613,0.30093400616725857,-1.3445568929310105
305,0.0,0.0,0.0,0.0,0.0,0.0,0.0,0.0,0.0,0.0,0.0,0.0,0.0,0.0,0.0,0.0,0.0,0.0,0.0018279120315293563,-0.0005114684629298368,9.018568979601747e-05,0.436487218645133,-7.26567349196799,-1.5684377519629964
306,0.0,0.0,0.0,0.0,0.0,0.0,0.0,0.0,0.0,0.0,0.0,0.0,0.0,0.0,0.0,0.0,0.0,0.0,8.552097803560232e-05,0.0005324748939384068,-0.0026094362416199265,-7.692098299657852,1.745857798402913,-4.407740662542452
307,0.0,0.0,0.0,0.0,0.0,0.0,0.0,0.0,0.0,0.0,0.0,0.0,0.0,0.0,0.0,0.0,0.0,0.0,0.0023320962280950863,-0.001741326498941795,0.00030704284398604874,1.98112997733039,-9.780101418271332,-2.7756713133602657
308,0.0,0.0,0.0,0.0,0.0,0.0,0.0,0.0,0.0,0.0,0.0,0.0,0.0,0.0,0.0,0.0,0.0,0.0,0.00010168246826642795,0.0007709865753140438,-0.002320567823605111,-8.823640991548663,1.308288361645491,-2.4125770149591435
309,0.0,0.0,0.0,0.0,0.0,0.0,0.0,0.0,0.0,0.0,0.0,0.0,0.0,0.0,0.0,0.0,0.0,0.0,0.0020786909362393298,-0.0009113180017829895,0.00016068995171966596,1.6345123516842885,-7.8382860985752085,-3.8001216190291136
310,0.0,0.0,0.0,0.0,0.0,0.0,0.0,0.0,0.0,0.0,0.0,0.0,0.0,0.0,0.0,0.0,0.0,0.0,0.00011194804057583609,0.0007963843528016525,-0.0028522411269225945,-8.133667260862518,2.5507576605133355,-5.303475438554989
311,0.0,0.0,0.0,0.0,0.0,0.0,0.0,0.0,0.0,0.0,0.0,0.0,0.0,0.0,0.0,0.0,0.0,0.0,0.0024843016871040607,-0.0022120874364064723,0.00039005069872468176,2.8348025931717413,-11.02140454731237,-3.3704185907972857
312,0.0,0.0,0.0,0.0,0.0,0.0,0.0,0.0,0.0,0.0,0.0,0.0,0.0,0.0,0.0,0.0,0.0,0.0,9.901181363733446e-06,-0.00020523507588314217,-0.00181567188900256,-6.892742173589751,0.08246066353664674,-1.3237790832106504
313,0.0,0.0,0.0,0.0,0.0,0.0,0.0,0.0,0.0,0.0,0.0,0.0,0.0,0.0,0.0,0.0,0.0,0.0,0.001786760721638548,-0.0004945171031402298,8.719670770541319e-05,0.12019230807497801,-7.257761878291891,-0.4365223800432402
314,0.0,0.0,0.0,0.0,0.0,0.0,0.0,0.0,0.0,0.0,0.0,0.0,0.0,0.0,0.0,0.0,0.0,0.0,-1.5664845990752022e-06,-0.0003407827687071183,-0.0018295643299304299,-6.839903510147241,-0.01571103132606116,-1.626702801947323
315,0.0,0.0,0.0,0.0,0.0,0.0,0.0,0.0,0.0,0.0,0.0,0.0,0.0,0.0,0.0,0.0,0.0,0.0,0.0018162141854021218,-0.0005835293714420518,0.00010289197222108524,-0.02155010071716189,-7.38530323378881,0.06768176625680682
316,0.0,0.0,0.0,0.0,0.0,0.0,0.0,0.0,0.0,0.0,0.0,0.0,0.0,0.0,0.0,0.0,0.0,0.0,-1.048562846780416e-05,-0.00042818049640645653,-0.001738136240705566,-6.899719177144715,-0.08732110936220833,-1.2963503153312044
317,0.0,0.0,0.0,0.0,0.0,0.0,0.0,0.0,0.0,0.0,0.0,0.0,0.0,0.0,0.0,0.0,0.0,0.0,0.0017504893882771522,-0.000477451259631188,8.418753904622072e-05,-0.12812918536583082,-7.2475064492191885,0.47203268414362665
318,0.0,0.0,0.0,0.0,0.0,0.0,0.0,0.0,0.0,0.0,0.0,0.0,0.0,0.0,0.0,0.0,0.0,0.0,0.00016366484093155713,0.001400369568760129,-0.00283102817535124,-10.41169585002566,3.1366692278881736,-4.250803154311462
319,0.0,0.0,0.0,0.0,0.0,0.0,0.0,0.0,0.0,0.0,0.0,0.0,0.0,0.0,0.0,0.0,0.0,0.0,0.0024006223327184876,-0.0017328721006383428,0.0003055521054594942,3.5754139349820186,-9.586193114222109,-5.170980893331926
320,0.0,0.0,0.0,0.0,0.0,0.0,0.0,0.0,0.0,0.0,0.0,0.0,0.0,0.0,0.0,0.0,0.0,0.0,0.00014502474697620382,0.001220745096389045,-0.0026227813840393023,-10.126105117807517,2.3625106075219118,-3.366286083034356
321,0.0,0.0,0.0,0.0,0.0,0.0,0.0,0.0,0.0,0.0,0.0,0.0,0.0,0.0,0.0,0.0,0.0,0.0,0.002262668298457203,-0.001320867496491462,0.00023290457757228837,2.782161786473081,-8.624757824645947,-4.918106731248786
