,0,1,2,3,4,5,6,7,8,9,10,11,12,13,14,15,16,17,18,19,20,21,22,23,24,25,26,27,28,29,30,31,32,33,34,35,36,37,38,39,40,41,42,43,44,45,46,47,48,49,50,51,52,53,54,55,56,57,58,59,60,61,62,63,64,65,66,67,68,69,70,71,72,73,74,75,76,77,78,79,80,81,82,83,84,85,86,87,88,89,90,91,92,93,94,95,96,97,98,99,100,101,102,103,104,105,106,107,108,109,110,111,112,113,114,115,116,117,118,119,120,121,122,123,124,125,126,127,128,129,130,131,132,133,134,135,136,137,138,139,140,141,142,143,144,145,146,147,148,149,150,151,152,153,154,155
0,-0.8113473762288803,0.3088579947334952,-0.0030141273337392707,-0.1909462041948805,0.18451681728114896,-0.03953008977735964,0.0,0.0,0.0,-0.16974906792555758,0.2637692817777708,-0.01204037968809254,-0.18384261013424721,0.13741416675393026,-0.021146011474976405,-0.18631711170489693,0.20672125592616672,-0.022668663023708933,0.0,0.0,0.0,-0.19131348756643546,0.12899893146687624,0.026232571068731517,-0.18848788740923111,0.18920790056541498,0.03398382670363075,-0.18854834295488176,0.1368102537093275,0.008544784963397917,-0.1849263759269862,0.19627355699677124,0.010121144869434506,-3.493758455713114,-0.33249907575389726,-0.5747320131053548,-1.0501230769846708,0.2782877421207598,-0.13403143473056933,-0.4916423385122231,0.22043110290384457,-0.051250903200843446,-0.2797678843132204,0.15679137309938831,-0.024688224336485355,-0.1794173918121355,0.23780143901257778,0.02029608991837949,-0.6129481342222566,0.15549650061296358,0.1558484003450343,-1.5435688902109437,0.013640253589794725,0.4071175474998554,0.0,0.0,0.0,0.0,0.0,0.0,-0.18767388343567626,0.1288550055917246,0.0028620838885577175,-0.18883677961309575,0.14111086832743303,-0.0219197740850034,-0.18254353966308567,0.22795495898161625,-0.04017563644246449,-0.1889057670894078,0.20820152610969667,0.049882511569684,-0.1915852338693271,0.1809412038965784,0.04462840611869918,-0.7691581592786754,0.16091488849125105,0.1938943496055468,0.0,0.0,0.0,-2.003406022288596,-0.03412250767604553,0.47383501467458494,-0.7541810128024478,0.2177954959541957,0.14497518612225008,0.0,0.0,0.0,0.0,0.0,0.0,-0.5092200027276843,0.22378132247848181,0.053344123502442393,0.0,0.0,0.0,0.0,0.0,0.0,0.0,0.0,0.0,0.0,0.0,0.0,-0.19065864657793286,0.15788673406313677,0.029760188283789873,-0.17611098103845296,0.2634301572921831,0.02944921780261053,-0.18514180156639815,0.1983424802434182,-0.015638780796404916,-0.1885040264997753,0.12947224659709713,-0.0107128304809228,-0.1889367800271811,0.14105292813557144,-0.0174782010136177,-0.17657517400325853,0.2623093231917305,-0.03633338332512254,-0.190032186765485,0.12624263868752442,-0.022228608114445624,-0.18579980971499724,0.21695630893097387,-0.04502776223547742,-0.1911695496714443,0.15706659736876685,-0.03470864496626878,0.0,0.0,0.0,-1.8403344829486679,0.07627995514796873,-0.38980587222977353,-1.0913354694093422,0.21796269732651086,-0.21063923317975253,0.0,0.0,0.0,-0.4955409277043264,0.20239150922082186,-0.07888199437351888,0.0,0.0,0.0,0.0,0.0,0.0
1,0.3088579947334952,-0.11766960456136936,-0.00828124678880964,0.18451681728114896,-0.24826253044347946,-0.10860802905230961,0.0,0.0,0.0,0.26376928177777087,-0.4171659758289818,-0.03308067131469429,0.13741416675393026,-0.12350350432367765,-0.058098189039026,0.20672125592616672,-0.2529373075735401,-0.06228163978686621,0.0,0.0,0.0,0.12899893146687624,-0.11773057350995296,0.07207339666557848,0.18920790056541498,-0.24230972949540167,0.09336979649488453,0.1368102537093275,-0.1025795798052857,0.023476603741031186,0.1962735569967712,-0.21305241134303557,0.027807616987800363,-0.3324990757538972,-0.8398729443535196,-1.5790632282446606,0.27828774212075985,-0.21998881673522122,-0.36824834041934523,0.22043110290384457,-0.14450378592388327,-0.14081069927097195,0.1567913730993883,-0.10649541868065604,-0.06783033889092357,0.23780143901257778,-0.3348113171306397,0.0557630487539683,0.15549650061296355,-0.3781959927527267,0.4281899608061057,0.013640253589794737,-0.9180520017456926,1.118546268819597,0.0,0.0,0.0,0.0,0.0,0.0,0.1288550055917246,-0.08884368185907955,0.007863510856397218,0.14111086832743303,-0.1271981763279115,-0.060224084338093425,0.22795495898161625,-0.3602518869487544,-0.11038165393788939,0.2082015261096967,-0.3420707496646294,0.13705107416339077,0.1809412038965784,-0.2597589755387241,0.12261553807737655,0.16091488849125102,-0.4515060841340821,0.5327203473010801,0.0,0.0,0.0,-0.034122507676045515,-0.9586174645872849,1.3018510033653716,0.21779549595419567,-0.30113242667519724,0.3983160502521132,0.0,0.0,0.0,0.0,0.0,0.0,0.2237813224784818,-0.146113721439882,0.14656177478355908,0.0,0.0,0.0,0.0,0.0,0.0,0.0,0.0,0.0,0.0,0.0,0.0,0.15788673406313677,-0.1704589759217236,0.0817654453084307,0.2634301572921831,-0.4361414803813221,0.08091106093327356,0.19834248024341816,-0.2237770757901456,-0.04296719710592307,0.12947224659709713,-0.09413138005794293,-0.02943325984478058,0.14105292813557144,-0.11912677295428867,-0.04802096261760355,0.2623093231917305,-0.45358220289643253,-0.09982515025816321,0.12624263868752442,-0.10609348614154285,-0.06107259886034512,0.21695630893097384,-0.34662245585802054,-0.1237127599905458,0.15706659736876685,-0.18291808533864565,-0.09536121830469077,0.0,0.0,0.0,0.07627995514796872,-0.7089860500595211,-1.0709828319221164,0.21796269732651086,-0.3910814230408104,-0.5787265368126071,0.0,0.0,0.0,0.20239150922082183,-0.1900046229504023,-0.21672649834278965,0.0,0.0,0.0,0.0,0.0,0.0
2,-0.003014127333739289,-0.008281246788809636,-0.9287325837129716,-0.03953008977735963,-0.10860802905230961,-0.3162560646349307,0.0,0.0,0.0,-0.012040379688092547,-0.033080671314694284,-0.36823897430338914,-0.021146011474976405,-0.058098189039026,-0.26511239936826614,-0.022668663023708933,-0.06228163978686621,-0.3269880561850625,0.0,0.0,0.0,0.026232571068731517,0.07207339666557848,-0.26562483655864005,0.03398382670363075,0.09336979649488453,-0.3164043410662987,0.008544784963397917,0.023476603741031186,-0.2664318439887911,0.010121144869434502,0.02780761698780036,-0.3143787076129241,-0.5747320131053548,-1.5790632282446608,-2.9695865382319786,-0.13403143473056928,-0.3682483404193452,-1.1318957279762,-0.051250903200843446,-0.14081069927097195,-0.5927252235555145,-0.02468822433648535,-0.06783033889092357,-0.36028240815263934,0.02029608991837949,0.0557630487539683,-0.35045084654195896,0.1558484003450343,0.4281899608061057,-0.6854385741726265,0.40711754749985535,1.1185462688195973,-1.4791651002217596,0.0,0.0,0.0,0.0,0.0,0.0,0.0028620838885577175,0.007863510856397216,-0.25893934705286836,-0.021919774085003396,-0.060224084338093425,-0.27233075048760147,-0.04017563644246448,-0.11038165393788939,-0.3498580905388842,0.049882511569684,0.13705107416339077,-0.3406520277870783,0.04462840611869918,0.12261553807737653,-0.31586681066427674,0.1938943496055468,0.5327203473010801,-0.8354340217475094,0.0,0.0,0.0,0.47383501467458494,1.3018510033653716,-1.8592554527230345,0.14497518612225008,0.39831605025211314,-0.8411806419165592,0.0,0.0,0.0,0.0,0.0,0.0,0.053344123502442393,0.1465617747835591,-0.6105884979732776,0.0,0.0,0.0,0.0,0.0,0.0,0.0,0.0,0.0,0.0,0.0,0.0,0.029760188283789873,0.0817654453084307,-0.2897833703689975,0.029449217802610533,0.08091106093327356,-0.3758584123035498,-0.01563878079640492,-0.042967197105923075,-0.31715335888949836,-0.010712830480922794,-0.02943325984478058,-0.26068767988435215,-0.017478201013617703,-0.04802096261760355,-0.2714376350024289,-0.03633338332512254,-0.09982515025816323,-0.3775880237084947,-0.022228608114445624,-0.06107259886034512,-0.2613604280037884,-0.04502776223547743,-0.12371275999054582,-0.34406931280788744,-0.034708644966268784,-0.09536121830469078,-0.2911647743891801,0.0,0.0,0.0,-0.38980587222977353,-1.0709828319221164,-1.7570236666637007,-0.21063923317975253,-0.5787265368126071,-1.149525027936511,0.0,0.0,0.0,-0.0788819943735189,-0.21672649834278968,-0.5898947239741926,0.0,0.0,0.0,0.0,0.0,0.0
3,0.23932904720356077,-18.66744826518238,-1829.76881485033,134.06385012783048,-628.5507806602905,-1019.3918973878068,0.0,0.0,0.0,57.074508276916575,-208.58623614963017,-846.4882864893956,57.273575890443,-303.6043021353985,-920.3678798501343,88.31397399353722,-348.40683968388174,-917.9008906606606,0.0,0.0,0.0,-59.65618291897905,373.40521637737817,-964.4252324532306,-120.7663975391597,532.4798715736667,-979.1573305681835,-22.216834959821547,115.51247012348159,-890.0194066953616,-38.83298477834881,149.84481702610893,-882.1976897263171,-944.7897560143856,-2546.656795015581,-4788.975038335017,-60.659170841466725,-817.4658291272863,-2309.1218565737527,24.435385180446744,-433.20321786739504,-1511.719471158529,32.90646000901427,-273.86349138820054,-1117.108569205843,-88.49810403603313,330.97755555386215,-889.9515528142292,97.35580507727377,1581.1214559150476,-2241.985495111514,650.5616297175782,3071.6334100168087,-3933.594444957889,0.0,0.0,0.0,0.0,0.0,0.0,-6.89693466801336,38.181044849859006,-880.890294186122,58.544364189707686,-310.7964255910563,-933.7042623266958,164.441934058208,-685.695096145805,-984.072510720114,-183.46881200488107,857.9321964494737,-1069.8029031104181,-146.61378928103215,727.2199598774934,-1057.3843302682412,158.50775748906986,1783.0695734401306,-2531.855274725626,0.0,0.0,0.0,748.1546705176135,3015.540039736579,-4232.0785373673925,55.87906029919721,1157.3914837893774,-2179.035195713303,0.0,0.0,0.0,0.0,0.0,0.0,-22.538634289440544,443.3449848496318,-1540.137639167138,0.0,0.0,0.0,0.0,0.0,0.0,0.0,0.0,0.0,0.0,0.0,0.0,-88.53373806394791,441.3699116757084,-972.4225619747283,-133.59440167548541,513.3240038920887,-908.2204981682522,60.13144253646393,-234.5238714521642,-894.5146794412005,25.68907967837432,-144.4497846832103,-894.9327685350311,46.8510433643472,-243.17103311733624,-915.5196368741979,162.63355868668515,-645.2401349714515,-937.8793867997031,49.79508906947796,-310.69609506606776,-941.3857304747916,174.7175926959049,-769.0515050282039,-1025.4689662584233,101.35539388458922,-527.6933235895551,-1003.5580427479105,0.0,0.0,0.0,-520.9705149667025,-2344.406849431924,-3754.5601685927095,-160.65679196848274,-1446.1788556276792,-2671.4963105136903,0.0,0.0,0.0,20.113798026631493,-716.1749231567256,-1638.6627473765584,0.0,0.0,0.0,0.0,0.0,0.0
4,1829.9978272210155,-696.7024530460126,-0.27310424414079865,1073.2455965992085,-1243.4860486770472,-210.89533702102713,0.0,0.0,0.0,1321.7113345021023,-2079.6954838284255,-90.1047212751946,951.5714603615106,-764.27826131073,-79.00292452634342,1127.9665188268834,-1323.4045414221628,-129.43367107663903,0.0,0.0,0.0,944.624845490334,-710.6169044628101,85.54325732039993,1083.1200734315873,-1243.0852508093653,183.97978287026064,954.3883017101933,-700.5031636598309,28.47680258315213,1095.3067160687403,-1176.5557938551374,54.35328621127791,4398.473128044636,426.68256674193793,738.803504768983,2074.542053021616,-632.8287772759924,35.442311025100935,1427.740793237428,-692.2945216710709,-38.21365811103239,1102.3718300327487,-649.9518448672939,-43.67707397336311,1225.9193194569154,-1689.790769649065,134.85539629660656,1533.6787478729038,-723.0793682345826,71.22470377780306,2541.116940191214,-361.1721252921932,-256.1505573478309,0.0,0.0,0.0,0.0,0.0,0.0,938.5922939711049,-645.2993061416311,8.635936796368425,964.3635066119956,-775.3814710416519,-80.87082908076013,1202.0359527820096,-1751.4159441202528,-267.193904194694,1145.0052285685563,-1621.6140522735657,310.98966897930313,1066.2557732919627,-1270.2513379314298,239.6557956486301,1722.2120358909663,-700.0073506894072,31.934233021901832,0.0,0.0,0.0,2995.018593091382,-176.04270010079435,-401.7399991996096,1731.5356001215457,-693.0115782644613,23.697166920132066,0.0,0.0,0.0,0.0,0.0,0.0,1451.2365717516757,-690.6892683720417,36.338282623912136,0.0,0.0,0.0,0.0,0.0,0.0,0.0,0.0,0.0,0.0,0.0,0.0,1003.7128523745051,-938.0492288210414,129.67888169540103,1317.9933003303988,-2118.694901272772,216.59689237437613,1102.183970235415,-1214.5352772819351,-85.4652721565964,940.9559405527248,-658.5072016276412,-32.91063992050661,963.8027157575854,-753.9411838268825,-62.842370068052965,1317.4548197614172,-2181.84329068695,-269.6711164260775,937.8999156955699,-675.4140948789783,-68.89333236231654,1169.2659460073633,-1668.0484668224353,-288.6983895316856,1003.5084764096871,-970.8583621266699,-154.3804482706119,0.0,0.0,0.0,2838.452801104953,-311.0467890478488,303.34349443712335,2100.2143911473304,-613.3898043097362,58.95952221345666,0.0,0.0,0.0,1419.8430311835948,-702.700127766791,-58.77609159645309,0.0,0.0,0.0,0.0,0.0,0.0
5,-17.45446311197011,6.352905027854545,-28.781221455206502,-392.28220708543114,142.77904681134717,-577.0716297231743,0.0,0.0,0.0,-110.7300629883733,40.3024469661895,-942.5161531108594,-229.19423213598992,83.41987836299856,-338.7633583693139,-221.23314970720656,80.52228132638174,-638.5647437021398,0.0,0.0,0.0,284.05128524762034,-103.38621283519223,-296.25472795675716,337.16408296556904,-122.71769026312751,-585.8574265399789,92.38432992556167,-33.62514620553283,-303.6881891115989,100.73799892154173,-36.66563306698201,-577.432168353165,-1861.2625373600945,677.4441617538597,1305.6032696551072,-703.0621156947757,255.8936829531193,102.37018105115007,-371.50533899210603,135.21688526410173,-151.15488392391873,-229.54010039052815,83.54576411262813,-218.00096838821264,191.33263925176283,-69.63938553123491,-796.4064146112759,1050.5296609179638,-382.36152678790535,-107.13923196735098,1868.106951785675,-679.935324875753,318.30526306692565,0.0,0.0,0.0,0.0,0.0,0.0,31.388717781714586,-11.424558964326392,-267.2248423218799,-234.41099212799938,85.31862371940082,-343.6403788945277,-379.0592030998883,137.96626695302623,-795.8063251507969,476.961213183238,-173.5996844981952,-726.3740379847974,443.14884272067417,-161.29298809984024,-580.1392371589277,1183.8571875675607,-430.88877789669243,-47.060352801173885,0.0,0.0,0.0,1939.3127782785778,-705.8521262254934,539.1488367207132,882.14358602395,-321.0740076615648,-47.02661369287884,0.0,0.0,0.0,0.0,0.0,0.0,380.9802959058078,-138.66548755164393,-142.25846502876576,0.0,0.0,0.0,0.0,0.0,0.0,0.0,0.0,0.0,0.0,0.0,0.0,308.5241649655918,-112.29361259931085,-431.87565760891385,268.0722547649827,-97.57032136707986,-945.4845070792006,-154.97386892308174,56.40587537707376,-592.7994438328108,-117.0938861979856,42.618689190620834,-273.9077280706326,-187.2198698796751,68.14245989939323,-333.79326795201496,-329.9795120056867,120.10272028775681,-958.5140604387035,-242.65128397387923,88.3178446729676,-277.0489062408015,-428.3981974268967,155.9241922766863,-754.5041307090244,-358.970271583314,130.654493842781,-442.94025912209884,0.0,0.0,0.0,-1641.1558010654187,597.3318613811172,467.64425581747065,-1096.4031889530647,399.05812553345817,110.04867207522119,0.0,0.0,0.0,-573.1665896104981,208.6155778940932,-150.3311631763774,0.0,0.0,0.0,0.0,0.0,0.0
6,-0.14763415744038413,-0.2402228397616513,0.002136023877389946,-1.3431288456994703,-0.031733696044600496,0.36942114221688677,0.0,0.0,0.0,-4.618968312759108,0.4934140215656851,0.3468952652931847,-0.6303514653039289,-0.14078692870405174,0.11651982502220783,-1.504303650897693,-0.13116240658519845,0.24776667927146304,-0.23364034706515902,-0.14410083645503077,-0.19144650520838452,-0.5466880058458604,-0.13198372130546038,-0.12437463548953809,-1.3541572979175067,-0.06775607446169907,-0.3282870846290451,-0.5312659435304604,-0.166565543367453,-0.041358326117283364,-1.222467068465426,-0.1913585869310073,-0.09611969707678487,-0.061018072899281225,-0.17353448852051293,0.07557288711866555,-0.1314441029811058,-0.21974414816955296,0.0701682291749823,-0.22301145545179304,-0.22277305317153892,0.06625888860873733,-0.3309178568089545,-0.19189256730990992,0.06285203276272378,-2.5766108954472284,0.02230329834739696,-0.3506372603671234,-0.24420409491518846,-0.16705491035173975,-0.16316043647597658,-0.13730295077288276,-0.1699245708293712,-0.14436974024950738,-0.08596029510660048,-0.11814261308909413,0.15308015012938622,-0.328931134208442,-0.17021117094726118,0.12272142253905716,-0.47518001775625157,-0.16134447169653926,-0.012765995066930581,-0.6231896417184706,-0.14789055947452145,0.11760526302606632,-2.8190320841942516,0.3060726049995228,0.6963482504139374,0.0,0.0,0.0,-1.406943847412336,0.024106001080566878,-0.4233625856304339,-0.20951095150011995,-0.17639781045675204,-0.15534193959895057,-0.2539705705863261,-0.17736329063720666,-0.15017758893482144,-0.1073771828484893,-0.1760574643501611,-0.12241735312566085,-0.18601275814819662,-0.2041405541790908,-0.11536329538223196,-0.2823221601397579,-0.19338069384344364,-0.1087354104252285,-0.05677667890761596,-0.16922380691095842,-0.0750957015846747,-0.21698012370765785,-0.2231628394564065,-0.06598474758364428,-0.2671182880363234,-0.21352124350201326,-0.06329548796924155,-0.3271174005398329,-0.19355722924131022,-0.06295866514742395,-0.04786327226305995,-0.18025316620122697,-0.03229964977956171,-0.39071403306179536,-0.1719709539885769,0.011162854241244514,-0.8303099720256687,-0.12791526685514193,-0.19548033265760723,-4.495507942512037,0.6165126370018299,-0.7854135878068973,-1.295864619323095,-0.17245803767029014,0.15433431790535185,-0.48855311220543307,-0.1577220395489583,0.04840678509549656,-0.5939523570401279,-0.1583056445084824,0.09111287933841665,-4.900128988080957,0.8831648377811392,1.0141556269818917,-0.5096393792220357,-0.1386122333268043,0.10113616939611184,-2.4929292944130843,0.2793951375291414,0.6872749710672565,-0.8824508196833747,-0.10077492339977934,0.2351230287957546,-0.07586185209963354,-0.15529367165373953,0.11572855909830214,-0.10566991894712664,-0.1863964924356762,0.10954102255344797,-0.1438579108673458,-0.20292800748487405,0.10805325170783676,-0.1871192178543588,-0.2107571635974606,0.10327643428971006,-0.23656159414643327,-0.20644246765613364,0.10237558944560939,-0.25962911253199744,-0.1785017558931903,0.14553597373814076,-0.3584933511134237,-0.1548485036863855,0.1348598667450341
7,-0.2402228397616513,-0.3909532623963486,-0.0025456141297464717,-0.03173369604460052,-0.2466680486512356,-0.4402589734172314,0.0,0.0,0.0,0.4934140215656851,-0.11576277542161634,-0.4134136786670746,-0.14078692870405174,-0.08357359725419043,-0.1388629200786649,-0.13116240658519845,-0.11020402069828315,-0.29527683014690354,-0.14410083645503072,-0.46855117703821936,0.22815706037169842,-0.13198372130546038,-0.1003480634708108,0.14822391867225235,-0.06775607446169908,-0.19601115074896402,0.391237312508944,-0.166565543367453,-0.06001512190536373,0.049288933733955376,-0.19135858693100727,-0.04824590925781412,0.11455099431032552,-0.17353448852051293,-0.7200661831145136,-0.09006425972638635,-0.21974414816955296,-0.45801915650905367,-0.083623239205259,-0.2227730531715389,-0.27018087085771514,-0.07896426854076229,-0.1918925673099099,-0.14016700526660517,-0.07490413584682507,0.02230329834739697,-0.11567984502381257,0.4178732147399106,-0.16705491035173972,-0.3781194622348028,0.19444703633948449,-0.16992457082937124,-0.5776953075097787,0.17205315660424333,-0.11814261308909413,-0.8221622270092489,-0.18243381887155702,-0.17021117094726118,-0.19889431894189627,-0.14625369619919346,-0.16134447169653923,-0.0556136023529826,0.015213920484054472,-0.14789055947452148,-0.08881158283134924,-0.14015649471930153,0.3060726049995229,-0.44954249592821355,-0.8298755291275026,0.0,0.0,0.0,0.024106001080566878,-0.3087411827138407,0.5045438823950433,-0.17639781045675207,-0.4272815727039784,0.18512931459760212,-0.17736329063720668,-0.33879114959868045,0.17897468114020995,-0.1760574643501611,-0.6264507475281889,0.1458913203833804,-0.20414055417909077,-0.39719897564270684,0.13748462172528195,-0.19338069384344364,-0.23381786931529425,0.12958581601647198,-0.16922380691095842,-0.7447691458941432,0.08949557215191882,-0.2231628394564065,-0.27808770977695474,0.07863755998923021,-0.21352124350201326,-0.2069784198313399,0.07543262518234722,-0.1935572292413102,-0.14385623544212744,0.07503121537437836,-0.180253166201227,-0.7315880823415063,0.038493223664327475,-0.17197095398857692,-0.07646410289790784,-0.013303371645608674,-0.12791526685514196,-0.13109234627109217,0.2329643887262147,0.6165126370018299,-0.41665920696755737,0.9360194649411776,-0.17245803767029014,-0.06743801790097737,-0.18392847782428004,-0.15772203954895828,-0.06252641514402961,-0.05768896004349391,-0.1583056445084824,-0.07602081274846098,-0.10858410128316083,0.8831648377811391,-0.6671789272566444,-1.2086236119053029,-0.1386122333268043,-0.08627514358256755,-0.12052939321903289,0.27939513752914136,-0.489894267180935,-0.8190624158694849,-0.10077492339977934,-0.16313129774217078,-0.2802087142689725,-0.15529367165373956,-0.7451852056010378,-0.13791992607115292,-0.1863964924356762,-0.6036261078585666,-0.13054590716451497,-0.20292800748487405,-0.48268272589503175,-0.1287728509143009,-0.21075716359746058,-0.37533988360381904,-0.12308006159508184,-0.2064424676561336,-0.2873874532482061,-0.12200647651575487,-0.1785017558931903,-0.32017240566837074,-0.17344301955412583,-0.15484850368638553,-0.18967178714566643,-0.1607197306901709
8,0.002136023877389946,-0.0025456141297464717,-0.4847410653826739,0.36942114221688677,-0.4402589734172315,-0.9213492467171367,0.0,0.0,0.0,0.3468952652931847,-0.4134136786670747,-2.2724343078166855,0.11651982502220783,-0.1388629200786649,-0.5430840803773102,0.24776667927146304,-0.29527683014690354,-1.0574650208419656,-0.19144650520838452,0.2281570603716984,-0.4726114642386237,-0.12437463548953809,0.14822391867225235,-0.4922496854780506,-0.32828708462904505,0.39123731250894395,-0.9423659157406863,-0.041358326117283364,0.049288933733955376,-0.5005914944104919,-0.09611969707678489,0.11455099431032552,-0.9257585911139129,0.07557288711866555,-0.09006425972638635,-0.5042189860500519,0.0701682291749823,-0.083623239205259,-0.4827827890832147,0.06625888860873733,-0.07896426854076229,-0.4618893515668601,0.06285203276272378,-0.07490413584682507,-0.44108148794936836,-0.35063726036712345,0.4178732147399106,-1.537849005240255,-0.1631604364759766,0.1944470363394845,-0.4640516697198239,-0.14436974024950738,0.17205315660424333,-0.4866054988184642,0.15308015012938622,-0.18243381887155702,-0.5064889604543019,0.12272142253905716,-0.14625369619919346,-0.4428283353736418,-0.012765995066930581,0.01521392048405447,-0.4607185684095398,0.1176052630260663,-0.14015649471930153,-0.5480412698982018,0.6963482504139376,-0.8298755291275026,-1.5385933901746414,0.0,0.0,0.0,-0.42336258563043394,0.5045438823950433,-0.9294531840217558,-0.1553419395989506,0.18512931459760212,-0.47320645769351377,-0.15017758893482142,0.17897468114020995,-0.46368513432470754,-0.12241735312566085,0.1458913203833804,-0.49522863176519444,-0.11536329538223196,0.13748462172528195,-0.47430901644708223,-0.10873541042522851,0.12958581601647198,-0.45272416216277706,-0.0750957015846747,0.08949557215191883,-0.5076915103706393,-0.0659847475836443,0.07863755998923021,-0.4620008007419148,-0.06329548796924155,0.07543262518234722,-0.45254731922688435,-0.06295866514742395,0.07503121537437836,-0.44201496167755133,-0.03229964977956171,0.038493223664327475,-0.5078766092343546,0.011162854241244514,-0.013303371645608674,-0.4302318606131676,-0.19548033265760725,0.23296438872621472,-0.6673820389283899,-0.7854135878068973,0.9360194649411776,-2.203079474943575,0.15433431790535188,-0.18392847782428004,-0.9581463515462751,0.04840678509549656,-0.05768896004349391,-0.4678550308345305,0.09111287933841665,-0.10858410128316084,-0.535856145363076,1.0141556269818917,-1.208623611905303,-2.2814284103427984,0.10113616939611184,-0.12052939321903289,-0.4712218774489489,0.6872749710672565,-0.8190624158694849,-1.3901729743453457,0.23512302879575459,-0.2802087142689724,-0.6844892466587558,0.11572855909830214,-0.13791992607115292,-0.5053445503859519,0.10954102255344797,-0.130545907164515,-0.4949781319065613,0.10805325170783676,-0.12877285091430088,-0.4836972376166661,0.10327643428971005,-0.12308006159508182,-0.47244275163940547,0.1023755894456094,-0.12200647651575487,-0.4608677574903626,0.14553597373814076,-0.17344301955412583,-0.4604340559685476,0.13485986674503414,-0.16071973069017087,-0.44123635456917815
9,-1.3654583526352126,-11.917503996818793,-780.4840275486999,848.4164739638247,-1386.6259501551588,-2801.593529499045,0.0,0.0,0.0,820.462443611002,-826.6642143890297,-4472.641905103333,209.5487164068972,-480.97880690277003,-1708.1285603703443,477.90409637573663,-761.4363725421109,-2655.3435158507104,-56.76040836456973,1259.8529801563081,-1227.3227126892855,-218.200195474398,553.2353433369942,-1626.7223878350092,-711.0536146701413,1161.2461949707906,-2705.3413101627893,-60.46165989116124,167.4493566307797,-1493.93134206996,-166.97190999403884,293.2070573106611,-2275.694645191035,-47.883051210620444,-561.1618493716755,-512.8615107104463,-42.45442619872542,-425.2587078881889,-762.5517471215858,-13.951564812462246,-340.66603453692494,-991.2283295005482,34.129200972878316,-290.75773653851223,-1203.330932115847,-744.7381787260242,939.3113891210286,-3452.2752117003,-36.23298702886021,984.606635659268,-1195.128875379606,43.15224645455701,997.1666932163869,-855.5542974601926,-36.23634681218477,-1249.1063299247862,-649.5108643286168,81.70116257819565,-626.0628809597263,-1295.5552476138803,-17.969656164481542,53.39404513409223,-1401.6256065706248,201.5889313540444,-483.0399237390341,-1699.0696286911266,1807.5732086791656,-2251.9324781525834,-4170.968077158837,0.0,0.0,0.0,-1055.4473658113711,1675.8922545990288,-2991.4072835401876,0.5285233941755253,960.7266102849014,-1087.884842611399,-31.525488207898835,864.4678399101334,-1189.41393738828,55.99042021855111,861.5305436729599,-726.0047772061087,31.472529723306447,677.2728829936907,-960.7067838383487,-28.804694420289536,558.0359447610598,-1174.3093727382472,46.80399247869186,565.0872738964486,-492.7853366985554,16.012675989014415,342.16127195032607,-977.6029437189042,-4.093551077017236,308.04663987012435,-1081.8196699013254,-32.150615865755874,291.871581644709,-1196.4989134766672,23.182892657441197,239.2580386769691,-445.59746657794784,11.434050763099192,-48.80295921678406,-1270.8469102645452,-378.1773728448812,771.9403325564981,-2049.8629885991727,-1954.7210132028456,2088.129185222025,-4880.868219958541,279.18084020524003,-474.65683130853745,-2385.612588664223,70.74894929890205,-204.05059681015425,-1440.0296609902375,146.48208806342913,-368.847240556723,-1624.573997423588,2725.9275666084523,-2890.2715455068387,-5408.542513695707,167.57211952481012,-448.1538448420848,-1537.9321134991899,1843.71609519431,-2405.1797236389143,-4065.7885580234883,492.5051880098094,-958.5428164503878,-2186.321761493206,-54.74335446872306,-881.761033283396,-591.6751682350887,-57.00557607097458,-752.8736085010623,-709.3820241841111,-48.9705528656604,-677.0299191619364,-833.5165299350311,-31.696848014193552,-591.8682104436608,-947.6356207621803,-4.820060266290208,-545.8078257977535,-1065.4031864826495,33.9932657772929,-824.9440980147043,-1194.133164903542,124.54191010986895,-692.5290401894121,-1377.8123558213872
10,867.0748336545449,1411.056319494692,3.230510577337863,3250.268670474456,180.0787879010062,-705.3961839074599,0.0,0.0,0.0,8911.044001251721,-963.2580807663495,-736.9844188700562,1949.7680455717557,478.2203122772267,-225.20509635011956,3516.9134036809346,338.25044583525903,-477.8524434700705,767.4927615154339,1450.2653988199806,-261.9719504925433,1747.8420178669567,488.6747963273433,224.02757353323796,3276.7411644143876,240.03898325391862,633.3502646686753,1724.9089643569798,548.2296330230631,74.95199154529185,3030.9806651195267,481.8619392747284,185.83203544183036,641.3408006628882,2589.6576696184766,236.55274524262407,808.2887140384073,1605.2948536067634,131.5158605117866,949.4976399442323,1054.6378243155566,41.294328655864064,1180.1597404992901,731.8498350390935,-41.089962276816884,5376.026437599175,-39.49051310456488,706.289696287052,860.2930538580841,1217.5046883532616,-154.86218882078344,686.1033229005517,1951.6768422109294,-331.10514622921636,480.7637102449342,2962.0977956664465,514.0181202706111,1122.3433395993538,778.027914546203,-45.3674843102271,1610.5884221494102,547.7245834494232,23.0366853123387,1912.2121603969033,499.6106236091194,-217.50319383714188,5871.20581279182,-613.3122070801667,-1406.53871442532,0.0,0.0,0.0,3378.0855361280333,67.91915194524206,813.603202180907,809.1034174516199,1394.022839474662,-207.89628265146226,907.6330688135025,1122.815997251853,-109.06488555835716,673.8906470734839,2163.199643900649,-317.6441415510032,839.1935330667029,1364.276600858142,-155.61230287616314,1025.9812064258429,904.465115655896,-10.937656797085397,626.6125848738455,2688.817757283263,-241.5100496160579,939.4055306368301,1076.0295669466539,-45.710711285599274,1031.855355901338,896.6522492743139,-4.904157178025235,1169.9675316567873,741.0771139691763,38.336917679157246,656.3552704681683,2651.9384233821534,-103.76736537870929,1376.5125796254235,606.8705762393779,-15.60943012908886,2308.7639513353306,431.3129572224315,364.9225502466571,8588.293640074518,-1219.974141129344,1605.662393765986,3162.6504944969074,437.80115683436486,-298.9661982205646,1636.1337701672378,540.0648336755032,-87.1819670388534,1851.831918158662,523.3695091493488,-167.01583790219053,9331.384305932084,-1755.9916887324491,-2081.043314810166,1675.2155876642562,504.93070528331384,-182.1836719343744,5309.916015030511,-537.7863914648623,-1371.1347359845124,2410.477852878783,374.28370889885116,-441.7455970926811,592.7925377862662,2658.1484289238983,362.961666771784,700.8230156679388,2087.096722572299,275.8975911712507,779.6591015377193,1652.1582200923513,205.1078820395272,857.233211040005,1313.0416601119914,129.92457375675667,941.6534618729844,1060.454220013707,62.94496543391835,926.9071708268775,1076.9890276896767,89.50975409496917,1187.7057150823123,717.7050392306236,-81.77184340935871
11,-7.426663989759377,-6.231711014684651,471.24024597636395,-931.6487012177647,-781.7460815786183,-1130.8451531007643,0.0,0.0,0.0,-557.0514156338857,-467.42163740517526,-3103.264319556201,-382.7444185658652,-321.16070045377995,-674.703494670098,-583.246946166251,-489.4022974133762,-1310.94483923847,674.1210606097062,565.6547333264414,415.699114801545,429.1228849814039,360.0768545176264,-569.9314174950104,818.6279923383559,686.9104464425113,-1168.630524240191,141.50239771677374,118.73460973484556,-583.1377899030877,241.82772851783133,202.91755780775162,-1150.4650721812498,-257.6315196366113,-216.17851310672273,1014.4921013521879,-244.45966112785823,-205.12601149010868,581.6435153513611,-236.00312332611531,-198.03013373962943,185.03407348074637,-229.08807946264702,-192.22772298421853,-185.35433262709626,684.4532578806209,574.3244762457165,-1991.1592653943069,579.7947349445047,486.5055482504629,283.1159722978686,500.9913731572148,420.381676439218,717.3552231944085,-520.686678007863,-436.90799947532065,1093.1934734058455,-446.4216602082847,-374.59225043032075,-105.22700657384648,45.52808599316984,38.202600165076255,-534.4025604540379,-384.55875597533304,-322.68311030489554,-651.5078332826112,-1358.9614470275926,-1140.304048984996,-1997.6369422394241,0.0,0.0,0.0,1063.019653011347,891.9793987760212,-1148.140906780998,546.6457434651111,458.6902417262047,407.07661998024207,533.8707410209976,447.9707418870602,216.456429259451,421.0975269952274,353.3427795913601,825.9829965058456,405.489433589495,340.2460341712295,411.2492830015006,391.19810276287325,328.25418374557864,29.272139372259534,255.1277547817997,214.07760494049558,1049.5122837050365,234.9983290269085,197.187011213756,205.72385059896635,227.76308295638927,191.11591890450643,22.53840205405653,229.23430219909912,192.3504184284452,-173.00798479649777,109.71380731093224,92.06081524965848,1048.7903556943797,-41.19709075943191,-34.56846366181625,-386.70684506862113,579.239794572188,486.0398979887263,-800.8287259517351,1280.9315032532713,1074.8291519431784,-2895.032787274839,-381.67099791430826,-320.2599935809605,-1193.0507797135738,-171.31412285379196,-143.74961730207608,-541.6256507916157,-301.29938289044003,-252.82020105731033,-631.38403722309,-1625.3382671886832,-1363.8207405363441,-3009.198642727744,-356.645177887509,-299.26083722656426,-545.6270499325539,-1411.03792361215,-1184.0014012801096,-1782.7315199192728,-687.9461291162573,-577.2553432112891,-826.6300492374078,-394.084479607922,-330.6761414916975,1018.7680070749492,-376.90019592795915,-316.25681539379497,801.3544021799071,-376.0915847436706,-315.5783100472926,590.1815288674733,-363.7217053081319,-305.19874877522483,382.03816697233066,-365.0487209158956,-306.3122470822658,182.14128936665958,-519.1934623962293,-435.65504280633087,182.02663619177574,-491.4616800337805,-412.38531445411155,-171.97283339972438
12,-0.7576922175041442,0.041716142007300554,0.001663104610315012,0.0,0.0,0.0,-0.30502876648740695,0.3343637353510301,0.010062208777587152,-0.3048832896241965,0.33518877564053073,-0.006318131092903589,0.0,0.0,0.0,0.0,0.0,0.0,-0.7085853664066869,-0.02227753698169351,0.09411873451107185,-0.2309566237142329,0.10612754542014086,0.013664575014238083,-0.27052894361496754,0.19488626506331863,0.01959791154036726,-0.23095471839732248,0.11167948073700193,0.0048565851898693495,-0.2679444999568564,0.19767195069938245,0.006395029372335706,-2.1441455853715685,-0.8673974210650173,-0.12748659826752032,-0.9110877767285075,-0.03316828364151075,-0.042702428602396036,-0.49830063616216647,0.08917477724867194,-0.019495464782569884,-0.30987329185737505,0.09995599559558976,-0.010458356060968751,-0.2941443600081634,0.27589953065109163,0.013038376552780541,-0.577545676324942,0.03954230029486174,0.06359961936698637,-1.1753880562784857,-0.23627186970419356,0.13293996340224218,-2.6512721161296793,-1.5461539652204168,-0.3392830266429738,-0.34150968437043444,0.09287209197092161,-0.023906748626828195,-0.22484959882175776,0.10170693677463051,0.0019619300391857048,0.0,0.0,0.0,0.0,0.0,0.0,-0.2894493186521941,0.23854343467530895,0.029786843621699394,-0.2709610586649663,0.18852785414861936,0.025417910558659152,-0.6949253299680124,0.006754461137535377,0.07542449855367579,-0.5247995754765536,0.06160904153942144,0.0520148549523795,-1.4381219610899159,-0.38000278181050356,0.14398667564017537,-0.6957320289633856,0.026823633892187886,0.05696186552264029,-0.40587503547193754,0.09113541918273152,0.02813660917456758,-2.3210137703104805,-1.0338796990354688,0.16088065995063455,-0.5127528707727411,0.08482101168302994,0.023404980075232826,-0.4012604870476108,0.09817467227613855,0.01669646937020081,-0.3147186810336778,0.09958052225567215,0.0123609108997494,-2.3050088193563885,-0.9686020536602835,0.07544892206558142,0.0,0.0,0.0,-0.2501181605592229,0.14557191183338886,0.016285156869788955,-0.31197679317338883,0.3336566797040142,0.01940992521894942,0.0,0.0,0.0,-0.226346769279031,0.10323550622903728,-0.004749052189074749,-0.23507143695126484,0.11938014265678411,-0.008246282733650901,0.0,0.0,0.0,-0.22722766508066136,0.10221444271643262,-0.010459999849087836,0.0,0.0,0.0,0.0,0.0,0.0,-2.17353181379735,-0.9537912945088584,-0.20204599418587424,-1.3622875528222165,-0.2994447326661398,-0.11004432010081297,-0.9273101608880057,-0.0562004571687286,-0.06872163437062467,-0.6638765718694019,0.04464587814912647,-0.04398813402922561,-0.49717782579305014,0.08254268024662718,-0.03088637010971722,-0.4989871288942821,0.07083339058197258,-0.04459630244626443,-0.31596233653698746,0.09233764784105374,-0.023862146536264096
13,0.041716142007300554,-0.0024178205547318345,0.009431934940601893,0.0,0.0,0.0,0.3343637353510301,-0.3775278052300358,0.05706562170552786,0.33518877564053073,-0.37284876923573856,-0.03583190200114538,0.0,0.0,0.0,0.0,0.0,0.0,-0.0222775369816935,-0.41529105858398074,0.5337738679180676,0.10612754542014084,-0.07557849133006966,0.07749565585105087,0.19488626506331866,-0.18747719525682754,0.11114527942136099,0.11167948073700193,-0.0573900947550153,0.027543063292730693,0.19767195069938245,-0.1508911932380967,0.036268013815248794,-0.8673974210650173,-0.6022809725301271,-0.723012426999495,-0.03316828364151075,-0.06758248646410066,-0.242177506986292,0.08917477724867193,-0.04125355549619226,-0.11056427498638591,0.09995599559558978,-0.043948690411027426,-0.05931228459166076,0.2758995306510916,-0.27795301240972453,0.07394430790111421,0.03954230029486174,-0.23497148620665081,0.36069136505059607,-0.2362718697041936,-0.546137036828225,0.7539399975437796,-1.5461539652204168,-2.341567997394284,-1.9241696607051688,0.09287209197092161,-0.08075674971315233,-0.13558190885350138,0.10170693677463051,-0.04657314371161457,0.011126658162595773,0.0,0.0,0.0,0.0,0.0,0.0,0.23854343467530895,-0.2982471379342805,0.1689295846955396,0.1885278541486194,-0.21024666790561983,0.1441521340439927,0.0067544611375353805,-0.27155091507551116,0.4277535874012437,0.06160904153942144,-0.17820298514049238,0.29499090124148203,-0.38000278181050356,-0.5784988479570102,0.8165890158253185,0.026823633892187882,-0.1556970025773589,0.3230467923500586,0.09113541918273152,-0.08514966322081084,0.15957064007741395,-1.0338796990354688,-0.8303538755534899,0.9123995619061323,0.08482101168302994,-0.04946107069582094,0.1327362379891827,0.09817467227613855,-0.047059971376099206,0.09469038319102385,0.09958052225567215,-0.047608842998634084,0.07010220925966318,-0.9686020536602834,-0.4889239980306121,0.427892100020285,0.0,0.0,0.0,0.14557191183338888,-0.119888676348455,0.09235771408525659,0.33365667970401425,-0.3968915265698343,0.11007915601436727,0.0,0.0,0.0,0.10323550622903728,-0.050389591423038296,-0.02693321334031529,0.11938014265678411,-0.0702202339869882,-0.046766993346781756,0.0,0.0,0.0,0.10221444271643262,-0.06194781320333731,-0.05932160697733582,0.0,0.0,0.0,0.0,0.0,0.0,-0.9537912945088584,-1.0414087447561353,-1.1458597735529346,-0.2994447326661398,-0.36062001964278007,-0.6240923519399325,-0.056200457168728596,-0.17230290173321905,-0.38973975562053925,0.04464587814912646,-0.09966166517055099,-0.24946910479885437,0.08254268024662718,-0.07733681089599001,-0.17516530927722312,0.07083339058197258,-0.14223576287507983,-0.2529181992856723,0.09233764784105374,-0.08674948531337406,-0.13532895782816828
14,0.0016631046103150117,0.009431934940601891,-0.7491856686387138,0.0,0.0,0.0,0.010062208777587152,0.057065621705527855,-0.42157401268612665,-0.006318131092903589,-0.03583190200114538,-0.42157401268612665,0.0,0.0,0.0,0.0,0.0,0.0,0.09411873451107185,0.5337738679180675,-0.692122094493666,0.013664575014238083,0.07749565585105087,-0.2625691580339964,0.01959791154036726,0.111145279421361,-0.33467965528281424,0.0048565851898693495,0.02754306329273069,-0.2639177366174542,0.0063950293723357065,0.036268013815248794,-0.3320226997882479,-0.12748659826752032,-0.7230124269994951,-1.8009852881468882,-0.042702428602396036,-0.242177506986292,-0.8743087588990379,-0.019495464782569884,-0.11056427498638591,-0.5150185504515836,-0.010458356060968753,-0.05931228459166077,-0.33604164790634805,0.01303837655278054,0.0739443079011142,-0.3880193281551313,0.06359961936698637,0.36069136505059607,-0.5807400637430052,0.13293996340224218,0.7539399975437796,-1.0756040776130138,-0.33928302664297383,-1.924169660705169,-2.1131175934750708,-0.023906748626828195,-0.13558190885350135,-0.36541114752150183,0.0019619300391857048,0.011126658162595775,-0.25425972702299593,0.0,0.0,0.0,0.0,0.0,0.0,0.029786843621699394,0.16892958469553962,-0.3713012650810915,0.025417910558659152,0.1441521340439927,-0.33361061946811976,0.07542449855367579,0.4277535874012437,-0.6844691910401269,0.0520148549523795,0.29499090124148203,-0.5354199426901698,0.14398667564017537,0.8165890158253185,-1.2822325466584825,0.05696186552264029,0.3230467923500586,-0.68862220350913,0.028136609174567576,0.15957064007741395,-0.4273741312788956,0.16088065995063455,0.9123995619061323,-1.9224571916886966,0.023404980075232826,0.13273623798918266,-0.5277934082085903,0.01669646937020081,0.09469038319102385,-0.42415775012223206,0.0123609108997494,0.07010220925966316,-0.3407228783809108,0.07544892206558142,0.427892100020285,-1.9189657481356373,0.0,0.0,0.0,0.01628515686978895,0.09235771408525659,-0.295979787264093,0.01940992521894942,0.11007915601436727,-0.4286545911012239,0.0,0.0,0.0,-0.004749052189074749,-0.02693321334031529,-0.25634963379058295,-0.008246282733650901,-0.046766993346781756,-0.27093097844744396,0.0,0.0,0.0,-0.010459999849087838,-0.05932160697733583,-0.2572032660766817,0.0,0.0,0.0,0.0,0.0,0.0,-0.2020459941858742,-1.1458597735529346,-1.8131782909258103,-0.11004432010081297,-0.6240923519399324,-1.229667450552679,-0.06872163437062467,-0.38973975562053925,-0.8853222179285692,-0.04398813402922561,-0.2494691047988544,-0.6621332003446011,-0.030886370109717218,-0.1751653092772231,-0.5127493294739736,-0.04459630244626443,-0.2529181992856723,-0.5124562053355389,-0.023862146536264096,-0.13532895782816828,-0.34063205891619697
15,2.673442620124412,22.331901076462422,-1768.3611360355828,0.0,0.0,0.0,-117.01093085256112,314.1315099856195,-1145.925091078474,73.69474071581975,-195.98202701669612,-1131.0614872854064,0.0,0.0,0.0,0.0,0.0,0.0,272.99731279210187,2100.714932676,-2714.890522779839,-75.35662150627556,377.4511222192236,-1066.7215537732432,-169.01191648281244,572.0806293613709,-1185.8369249757561,-28.834050396666957,125.90069775886953,-987.508333531,-57.04306973064369,173.82298829517347,-1065.364660931355,-745.2821227419892,-1563.1318397462564,-3414.12242232476,-114.85170065927029,-577.7160772042023,-2084.564357729994,0.7844545373211689,-333.04325675327624,-1500.9997650229056,27.600913800992455,-227.0669906598804,-1167.3561766326116,-137.10272956060038,385.1683523459972,-1147.4696922617109,101.55958757191539,1347.933654777055,-2140.637433059072,599.6299319644041,2294.0750443450497,-3237.695446363286,-2523.180331334745,-6005.8446570657225,-5759.246353923963,40.094296135636576,-541.6590117310488,-1355.9442257257203,-10.773750694223414,50.484373844291795,-965.1275177742131,0.0,0.0,0.0,0.0,0.0,0.0,-280.0516507447749,954.4332051614185,-1348.43556838381,-210.62871740707413,779.6430478893003,-1275.9690791102028,174.94539149120862,1474.9223971073047,-2349.5498299388096,46.58178678403644,1083.549350818638,-1922.4944128856362,712.7940571844753,2213.5953145241588,-3369.3805389952427,108.39413714322293,973.6534398475443,-2065.1742028845547,-22.356827480889116,582.3692069479827,-1479.071464604737,988.1325267398094,2050.631133000106,-3729.6978833660864,3.871707805432593,400.738067661036,-1547.7889267225255,-18.802494638151295,320.27795121489544,-1352.5682415365393,-31.08487545291115,268.8932122058013,-1189.6601656807793,442.7468506525379,849.5174799787409,-3223.919168712568,0.0,0.0,0.0,-116.4186242630021,458.24583257631133,-1123.2859269296412,-218.62782152686418,612.0244543409686,-1221.988121496158,0.0,0.0,0.0,26.285618965405227,-123.07802620870872,-977.709185066362,51.6972724058866,-217.93512687595805,-1016.2808681487626,0.0,0.0,0.0,56.53708783559445,-281.21561262649044,-1022.9851510591409,0.0,0.0,0.0,0.0,0.0,0.0,-1255.2315415319663,-2890.73127287141,-4088.244192790347,-494.07096655049764,-1539.3067066193944,-2951.3343527429925,-205.62720168630923,-1024.8689818046043,-2326.4637102704583,-67.0695926364729,-717.352837606219,-1889.603196742341,-4.889202503210436,-564.4603041865522,-1601.9077949022258,-23.65400611506655,-907.6481126161036,-1788.8900360650441,49.87090169810858,-574.2009833995437,-1328.7348297475946
16,1793.5767317707293,-98.76441180934444,-2.698775338065176,0.0,0.0,0.0,1791.062263435021,-1995.5640053577454,140.43679624881491,1793.0926630271179,-1984.049037064526,-88.18124415623234,0.0,0.0,0.0,0.0,0.0,0.0,1730.6738529178097,-18.971106838178912,-135.92468746160588,1045.7935078934026,-528.1728492017666,86.90938233861459,1311.1233266112629,-1055.4005297792824,200.0137116851483,1054.758575517691,-516.1207200401957,31.535232704900228,1311.853011253459,-979.6692440575816,64.80182940394363,4080.012299963306,1808.9079626091286,665.5957429545552,2019.7841762030027,76.98203756207954,107.1791097175944,1432.8216035269538,-269.61858627481763,-3.4781685177840114,1152.6552116450746,-384.75926478256474,-30.427935325338854,1576.381387263945,-1530.1426188268963,161.84636966585776,1540.3481587584165,-190.47032133065895,-36.01715475905976,2448.8681577099146,617.42110735251,-459.50588498024695,5247.882134217541,4123.069674203407,1945.5866178703811,1196.9188162563719,-379.3324972995147,-54.03267928834614,1026.15767690531,-465.13881796771943,11.65042776041633,0.0,0.0,0.0,0.0,0.0,0.0,1462.386753823826,-1466.8589400761684,347.51951235111807,1297.22725768003,-1087.7686596363017,257.3345363867854,1710.1249973908868,-69.01854654677317,-102.91239957504872,1464.5911336595993,-253.14714655205154,-2.1399502050539225,2862.153449932274,939.3903136075762,-584.7444233453883,1711.0314254577372,-95.3539807933429,-78.29160371500284,1295.4114007395992,-340.03384539884814,36.272990142465986,4413.790980905944,2212.392598070552,-865.8715674502527,1453.0013069386748,-257.64924766294206,0.34137399160519294,1291.913208566211,-333.85066959994845,22.39928677920073,1159.9342791842112,-384.50130887497295,34.82083502903173,4344.995927516788,1880.220432870742,-405.29132325079314,0.0,0.0,0.0,1158.3842474828461,-747.0188186588406,135.4798784346695,1784.4849318657157,-2023.7115263991227,265.3972994996513,0.0,0.0,0.0,1031.4919281764442,-476.1678369562517,-28.641414951442066,1077.1360170694747,-564.9496755937777,-57.448765393781336,0.0,0.0,0.0,1031.945306481378,-491.90797496429343,-63.582928673258266,0.0,0.0,0.0,0.0,0.0,0.0,4172.955076904135,2224.208014819176,1054.999085559293,2720.562266473962,700.0078582480564,427.3310926848784,2046.3487127807377,134.49238705016867,175.55762536695957,1666.0213680947365,-134.3686647583187,52.07904306035332,1429.3841427602565,-270.65348143709537,-5.6754221953732955,1428.7209657605245,-271.9436303167883,-7.897130703775084,1156.2637636550103,-402.6344493270267,-66.79010545717536
17,22.13411564763132,-3.902841782798807,211.1090524404371,0.0,0.0,0.0,178.5228231495588,-31.478390393513067,-1021.7194264685179,-112.09572616367637,19.76550094476388,-1021.7194264685179,0.0,0.0,0.0,0.0,0.0,0.0,1303.232975364241,-229.79513570568582,173.5702173473056,307.19320933011556,-54.166451095322756,-289.9909707949893,390.24062124879487,-68.80995049459567,-593.1294923842361,108.90154970170896,-19.20228145337518,-297.5800668243187,127.84860481065698,-22.543158474052902,-584.2284873456243,-1094.3261775688638,192.95923080095338,1632.775209446281,-526.086913061345,92.76331697034371,381.0593560859267,-312.9388593022041,55.17956420710877,-15.955489354252757,-207.82807188131082,36.64569642129335,-169.77447521643342,241.12052333471559,-42.51605386645543,-836.378831106048,961.3930103122374,-169.5195267825789,57.10930873604677,1476.6129493179476,-260.3667030282554,645.5920785762181,-2688.670849092328,474.0852129393153,2104.177307641747,-455.5824195931885,80.33147251072394,-143.41283143612688,44.82105413073156,-7.903161147042584,-262.18398552629793,0.0,0.0,0.0,0.0,0.0,0.0,563.1169614148539,-99.29271359200635,-752.2312435997815,506.9408067643092,-89.38734185466404,-586.5004172812594,1050.2019418814566,-185.17893754612405,162.17332005314373,818.8747086839146,-144.38970496075848,3.8250846380006633,1464.7929616120794,-258.2825202840682,904.2339526845096,790.7351254075575,-139.427937203244,164.3547411620226,495.79823963012944,-87.42260663455271,-95.67314726308543,1336.6350275296281,-235.68481871347515,1796.704054348243,371.1193788402857,-65.43835955330856,-1.3367689408976988,295.3236854601564,-52.073533788885776,-98.81142938566872,243.9423289516799,-43.0136143310409,-166.67107310479471,627.4176990475775,-110.63066851611153,1789.9945957965865,0.0,0.0,0.0,344.82461286214544,-60.80188285994744,-427.5777874550493,341.51317302673755,-60.217986671972184,-1017.7716440344885,0.0,0.0,0.0,-108.05078572700907,19.05226881042079,-268.4667210041955,-182.5014108246587,32.17992274574719,-327.7565460467654,0.0,0.0,0.0,-237.59143275937046,41.89377998065805,-271.4910760450457,0.0,0.0,0.0,0.0,0.0,0.0,-1728.4918132652538,304.77974261236204,1644.0407554571138,-1143.1708207508962,201.57185925702336,829.1913618777038,-841.3566576854678,148.35387914864407,392.73337672638536,-622.7305833109721,109.80420355004492,136.12661665861512,-496.88016277749546,87.61337887648638,-16.360879052605323,-717.6419403011769,126.53963656307097,-15.757868075323904,-470.98175793343546,83.04679134516776,-165.56112562322986
18,0.0,0.0,0.0,0.0,0.0,0.0,-0.48696755955523763,0.42668908355460716,-0.058892036339376834,0.0,0.0,0.0,0.0,0.0,0.0,0.0,0.0,0.0,-1.0876159528996787,-0.35289811207321287,0.16682723794704424,-0.31963639869605354,0.09627712592638532,-0.0016171051438892616,-0.4160449456813809,0.2307191201483862,-0.01768434890395483,-0.2984911123747966,0.09242037523457614,-0.008211320434441149,-0.3783479892282597,0.20465628742718817,-0.02522642964737901,0.0,0.0,0.0,0.0,0.0,0.0,-0.5344993789127104,-0.02798737919789365,0.0029732565642485503,-0.34666881781815495,0.04374015183132455,-0.007968085755012259,-0.45754981346603607,0.33735796566731074,-0.04141078923071371,-0.843633632037595,-0.1596107158048526,0.09582180526368704,0.0,0.0,0.0,0.0,0.0,0.0,-0.3535308162099685,0.028519248383082854,-0.011304733933981426,-0.28083072121875485,0.07828599044937304,-0.008007980633009417,0.0,0.0,0.0,0.0,0.0,0.0,-0.4864334185678558,0.3302482841269216,-0.022699049122755655,-0.4319008616743311,0.2362232104219701,-0.012318218663657711,-1.006233090175101,-0.2798431796026639,0.12918643561057033,-0.7508471868750728,-0.09508248435435139,0.07148672014166649,0.0,0.0,0.0,-0.9467785391222525,-0.2353801105879664,0.10033225354698372,-0.5495760610119432,0.005034587305559376,0.02891670790159191,0.0,0.0,0.0,-0.6534681434821288,-0.05300136190838298,0.03580320439483879,-0.5134414458561944,0.013101661926337497,0.017306111535946217,-0.4053805274436187,0.04937619766220204,0.006255862663107473,0.0,0.0,0.0,-0.2943698954341641,0.062114032908384104,-0.0067713468450184945,-0.36389794856175545,0.15256901091029829,-0.008238914690240257,-0.5195788478333838,0.45421876769123254,-0.054585238688430626,0.0,0.0,0.0,-0.26823036419094326,0.07440586479966058,-0.011579277942800482,-0.2771381156168781,0.08899647057786417,-0.015941175707438724,0.0,0.0,0.0,-0.25745205182737096,0.06984109403919143,-0.013912610340016143,0.0,0.0,0.0,0.0,0.0,0.0,0.0,0.0,0.0,0.0,0.0,0.0,-0.8743714883954368,-0.279573472081406,0.031131979007068825,-0.6576399267768032,-0.11326907130029606,0.008969571913316566,-0.5088449654957163,-0.027716927097029206,-0.0024939314601666023,-0.4828850926540456,-0.029586402730831216,-0.007748328995415681,-0.325678185779401,0.03512459169060286,-0.012759019038033925
19,0.0,0.0,0.0,0.0,0.0,0.0,0.4266890835546071,-0.39092467406715753,0.1539177515997357,0.0,0.0,0.0,0.0,0.0,0.0,0.0,0.0,0.0,-0.3528981120732128,-1.0003064122418124,1.1731348593501696,0.09627712592638532,-0.06978689141963486,0.12618589469675273,0.2307191201483862,-0.20621746578169428,0.21499074576773242,0.09242037523457615,-0.033185293922433357,0.041719692674458235,0.20465628742718817,-0.11792719111582943,0.07032334615924987,0.0,0.0,0.0,0.0,0.0,0.0,-0.02798737919789365,-0.025722554245212907,-0.11022003740360757,0.04374015183132455,-0.017144930870894425,-0.06188478592709151,0.33735796566731074,-0.27857571842819634,0.16165688943826617,-0.1596107158048526,-0.47097258616200544,0.701578038623361,0.0,0.0,0.0,0.0,0.0,0.0,0.028519248383082854,-0.05117575210829125,-0.12442780495691184,0.07828599044937305,-0.02259583413945149,0.017630915438404088,0.0,0.0,0.0,0.0,0.0,0.0,0.3302482841269216,-0.4170452128779813,0.37756508497428715,0.2362232104219701,-0.27178403979378457,0.2948442427864533,-0.2798431796026639,-0.591459498654208,0.8348753319815964,-0.09508248435435139,-0.31971305060564204,0.5434931848657835,0.0,0.0,0.0,-0.2353801105879664,-0.31691766595372656,0.559320842276564,0.005034587305559376,-0.10189467991179553,0.257014159560436,0.0,0.0,0.0,-0.05300136190838298,-0.055131027990425636,0.194788469102911,0.013101661926337497,-0.032904125180692315,0.13633340734240518,0.04937619766220205,-0.02858306201373531,0.1009666672756481,0.0,0.0,0.0,0.062114032908384104,-0.013203364756304316,-0.004056380007339139,0.15256901091029829,-0.11971609323152435,0.16261846543272754,0.45421876769123254,-0.4644031811547713,0.26333177518243567,0.0,0.0,0.0,0.07440586479966056,-0.024084738640702697,-0.027684880875486848,0.08899647057786417,-0.03836500086395676,-0.04733824910773977,0.0,0.0,0.0,0.06984109403919142,-0.034555617964821476,-0.05915064833476106,0.0,0.0,0.0,0.0,0.0,0.0,0.0,0.0,0.0,0.0,0.0,0.0,-0.279573472081406,-0.22880031263798148,-0.30871549835091544,-0.11326907130029606,-0.10311808831361025,-0.21734288697041462,-0.027716927097029203,-0.058140110033411053,-0.1610730525834862,-0.029586402730831216,-0.10888656575559036,-0.21045162845311444,0.03512459169060286,-0.05564449419639127,-0.12223830548521462
20,0.0,0.0,0.0,0.0,0.0,0.0,-0.05889203633937683,0.1539177515997357,-0.6210155956734335,0.0,0.0,0.0,0.0,0.0,0.0,0.0,0.0,0.0,0.1668272379470442,1.1731348593501696,-1.4391912644091145,-0.001617105143889261,0.12618589469675273,-0.38738714935832197,-0.01768434890395483,0.21499074576773242,-0.5386288997904847,-0.008211320434441149,0.041719692674458235,-0.3361092576387931,-0.02522642964737901,0.07032334615924989,-0.4463415894205493,0.0,0.0,0.0,0.0,0.0,0.0,0.0029732565642485503,-0.11022003740360756,-0.5022533530152766,-0.007968085755012259,-0.06188478592709151,-0.34038013712532733,-0.0414107892307137,0.16165688943826617,-0.5799985555238452,0.09582180526368704,0.701578038623361,-1.070613712874212,0.0,0.0,0.0,0.0,0.0,0.0,-0.011304733933981426,-0.12442780495691183,-0.3217940923140187,-0.008007980633009419,0.017630915438404088,-0.3072219556106442,0.0,0.0,0.0,0.0,0.0,0.0,-0.022699049122755662,0.3775650849742871,-0.681208369568015,-0.01231821866365771,0.2948442427864533,-0.5825017207071829,0.12918643561057033,0.8348753319815964,-1.2593361000745358,0.07148672014166649,0.5434931848657836,-0.9351529663998575,0.0,0.0,0.0,0.1003322535469837,0.5593208422765639,-1.1157387812194313,0.02891670790159191,0.257014159560436,-0.651432657030313,0.0,0.0,0.0,0.03580320439483879,0.194788469102911,-0.7262993133403247,0.017306111535946214,0.13633340734240518,-0.5749620736026676,0.0062558626631074735,0.1009666672756481,-0.4586346099831149,0.0,0.0,0.0,-0.0067713468450184945,-0.004056380007339139,-0.3107013272681918,-0.008238914690240256,0.16261846543272757,-0.4545983015782424,-0.054585238688430626,0.26333177518243567,-0.6962754878121641,0.0,0.0,0.0,-0.011579277942800482,-0.027684880875486848,-0.2776112307791462,-0.015941175707438724,-0.04733824910773977,-0.2821165633523484,0.0,0.0,0.0,-0.013912610340016143,-0.05915064833476106,-0.25441757050911457,0.0,0.0,0.0,0.0,0.0,0.0,0.0,0.0,0.0,0.0,0.0,0.0,0.031131979007068825,-0.30871549835091544,-0.7295440225478772,0.008969571913316566,-0.2173428869704146,-0.5731681951690495,-0.0024939314601666028,-0.16107305258348617,-0.45737792151735673,-0.007748328995415678,-0.21045162845311444,-0.41189911814755514,-0.012759019038033923,-0.12223830548521462,-0.2951702754591651
21,0.0,0.0,0.0,0.0,0.0,0.0,-343.218172699982,578.3497208128516,-1707.204983281748,0.0,0.0,0.0,0.0,0.0,0.0,0.0,0.0,0.0,1083.3267051401385,4770.960362830975,-5749.121589656356,-121.31034905104875,549.4830191411336,-1581.4040572776344,-330.83064152655174,919.1446883963457,-1942.60740679089,-69.8495775335077,167.68152074938132,-1254.107597752824,-161.42951892895684,268.5260506544478,-1432.3903021269075,0.0,0.0,0.0,0.0,0.0,0.0,-8.776204542666948,-320.0413337356083,-1454.1273237321836,0.3941031527525933,-217.47640663247967,-1176.1355961129118,-332.90064925566674,633.9544930600697,-1737.4779970406007,521.1464938273931,2635.9522604704034,-3993.517618468287,0.0,0.0,0.0,0.0,0.0,0.0,-0.5923720322021063,-465.05870441422684,-1192.7800943693355,-44.970123220111006,70.70390202426293,-1160.9445717587657,0.0,0.0,0.0,0.0,0.0,0.0,-577.9617723930701,1745.5120423210208,-2568.2234455226376,-405.5092159518774,1347.301847663638,-2285.783508626502,753.8798220711581,2963.6694285929116,-4380.605268628936,342.70036823047576,1975.295495007221,-3388.420151720833,0.0,0.0,0.0,520.8150506777129,1732.9634635781856,-3371.238026442896,80.79795069367279,892.3503725760817,-2260.282225305767,0.0,0.0,0.0,136.2231436327637,572.2717503233241,-2126.0028749896155,42.71481023355007,434.0921472625384,-1828.9618566821366,-15.608281910199896,356.4769853938259,-1597.99660814606,0.0,0.0,0.0,-20.881144250623098,-15.78569713616781,-1143.6445490474225,-210.07657345094412,696.6997924890786,-1742.3656444367377,-515.182251818873,1071.0654516692864,-2041.9993284057211,0.0,0.0,0.0,-12.309061521300901,-113.85803915401391,-1052.3367843969725,2.3881533385043308,-196.89110460857066,-1051.1931232906516,0.0,0.0,0.0,12.765459986369256,-253.35018889169547,-1006.6679329292559,0.0,0.0,0.0,0.0,0.0,0.0,0.0,0.0,0.0,0.0,0.0,0.0,-199.03155566531146,-892.4302314693208,-1887.4179021471402,-84.84855146523459,-635.1528958211675,-1623.4071430352706,-33.8994892742476,-502.47867672363213,-1422.907239976359,-63.231123644239695,-736.4883900335675,-1437.7063575263778,6.565460553313667,-483.76631403713765,-1151.2510231971949
22,0.0,0.0,0.0,0.0,0.0,0.0,2201.6354973561547,-2007.216272990268,734.8971287940865,0.0,0.0,0.0,0.0,0.0,0.0,0.0,0.0,0.0,2423.2365877345937,1312.1283280224156,-1035.9999701796407,1200.8504905539858,-430.272722601305,217.38418137838877,1584.2059025129565,-1068.4465579567582,565.2016588528662,1163.1177225751337,-372.8693419771798,141.21157680627414,1490.7829962569053,-834.7978051290311,322.22537707135996,0.0,0.0,0.0,0.0,0.0,0.0,1514.3533895876408,79.99321225898332,-5.243903459075572,1197.8942167481148,-151.37211273351693,26.286255071247275,1903.7034372196997,-1508.924613149358,635.0442987444112,1983.5210731713573,543.3095517281811,-485.84697716569997,0.0,0.0,0.0,0.0,0.0,0.0,1207.5435259879475,-105.32252469097898,18.32739312638608,1114.8965963038845,-314.3841357933747,103.34645784061532,0.0,0.0,0.0,0.0,0.0,0.0,1890.3143713939553,-1764.6832793923804,992.1512665658903,1610.7829118767174,-1199.427474478867,689.3589093733506,2285.097958188798,942.965364618523,-771.6204070462511,1824.4709862787438,308.2208815366876,-307.77213758653335,0.0,0.0,0.0,2193.8711780232256,712.1101282929818,-577.2054987732847,1510.8415698543113,-26.8885586145484,-46.53466067729648,0.0,0.0,0.0,1687.2725414075262,152.02618369096828,-149.7292230542081,1459.5586349660625,-42.88245818786658,-25.51790868606141,1294.1115638607407,-174.2201804601805,54.82907587876721,0.0,0.0,0.0,1118.6516850372423,-235.37624173900326,63.48371322219224,1357.7268875398165,-684.88502316532,360.891047324222,2276.4076109276384,-2219.0039083624974,972.4244863461938,0.0,0.0,0.0,1089.4406547492133,-300.1187615035649,65.7487460473763,1126.9286188292199,-362.5200926424092,61.42777338161798,0.0,0.0,0.0,1065.8069745110895,-293.86433768690046,38.510711818551435,0.0,0.0,0.0,0.0,0.0,0.0,0.0,0.0,0.0,0.0,0.0,0.0,2230.2511649175963,773.096148706135,57.722554875195016,1759.853911647732,322.5702890260493,26.945003002213266,1477.0694514787872,84.51862535945656,18.783793715680535,1439.2796634260853,98.3255600030075,42.98113677386207,1159.8237047037205,-137.3137608184648,16.293804047975616
23,0.0,0.0,0.0,0.0,0.0,0.0,498.7521846843646,-241.02386625517008,-1115.629387438671,0.0,0.0,0.0,0.0,0.0,0.0,0.0,0.0,0.0,2362.609416501951,-84.26341611284484,712.465149145395,607.052303172159,-98.96891989798192,-255.4312145618187,779.4678744284055,-180.00360094491907,-628.1340849700725,330.5685521302336,-72.65617963263726,-245.50426471313156,386.66344739845346,-133.90333226854386,-564.5919976946897,0.0,0.0,0.0,0.0,0.0,0.0,-61.867477581065316,41.26114076678407,202.83304362414376,-9.849810441560567,-7.5848813673260125,-47.978601559047355,575.5166471503578,-208.89214606271884,-894.725327828227,1716.609336348023,-77.0260981074739,428.0376507910086,0.0,0.0,0.0,0.0,0.0,0.0,-240.43563959129068,20.506399215317888,-4.840429940165828,244.983299996341,-57.71550537574731,-203.89166264741027,0.0,0.0,0.0,0.0,0.0,0.0,1101.388719737447,-252.7160800589364,-878.3145892442163,975.9495044458878,-200.52846852976396,-645.5436169910661,1869.3684389694722,-51.635748000921375,648.9976624762025,1463.6536142173768,-74.8918000689995,312.69590016616905,0.0,0.0,0.0,1417.543791869226,-17.521941738627994,614.8251551067792,921.4245263829754,-65.14811076659625,94.76538134350808,0.0,0.0,0.0,756.4967263230673,-20.217193003028793,266.4861777183369,626.8196692804783,-40.93980673857808,83.62757530338955,533.5313026100089,-55.99507320477812,-48.756294029159825,0.0,0.0,0.0,173.63349219610973,-39.07769424768091,-134.13935235219031,684.2760051961219,-134.6821886108987,-419.063829732645,753.3585612226751,-271.5442777063984,-1160.4416412632006,0.0,0.0,0.0,66.63037341447777,-40.96229224365602,-198.73851327499742,-10.541717190103437,-43.25628953491397,-250.62981157355816,0.0,0.0,0.0,-70.56343224398933,-27.700006041059964,-192.64631243475642,0.0,0.0,0.0,0.0,0.0,0.0,0.0,0.0,0.0,0.0,0.0,0.0,-458.6281900204814,172.09226199665028,744.9143906111831,-316.11476952257675,100.25846123123883,409.32679037724455,-238.5666221219458,55.12025141148968,192.40614244025414,-430.23628347554586,70.49572211279197,183.0363939102169,-261.4173860960877,16.504702930825516,-38.10635051545984
